"PLU";"Name";"VAT";"Stock group";"PriceType";"Price";"Single Sale";"Turnover";"Sold Qty";"Stock Qty";"Barcode1";"Barcode2";"Barcode3";"Barcode4";
"1";"NERO RED";"Ђ";"1";"1";"340.00";"0";"0";"0";"0";"0";"0";"0";"0";
"2";"FAST 100 S";"Ђ";"1";"1";"350.00";"0";"0";"0";"0";"0";"0";"0";"0";
"3";"JADE LA ROSE SLIM";"Ђ";"1";"1";"370.00";"0";"0";"0";"0";"0";"0";"0";"0";
"4";"KAMEL KOCMPAKT";"Ђ";"1";"1";"370.00";"0";"0";"0";"0";"0";"0";"0";"0";
"5";"PAL MAL LONG RED";"Ђ";"1";"1";"370.00";"0";"0";"0";"0";"0";"0";"0";"0";
"6";"L&M LOFT BLUE";"Ђ";"1";"1";"370.00";"0";"0";"0";"0";"0";"0";"0";"0";
"7";"PAL MAL POKET";"Ђ";"1";"1";"380.00";"0";"0";"0";"0";"0";"0";"0";"0";
"8";"PAL MAL RED";"Ђ";"1";"1";"390.00";"0";"0";"0";"0";"0";"0";"0";"0";
"9";"KAMEL LEGEND";"Ђ";"1";"1";"390.00";"0";"0";"0";"0";"0";"0";"0";"0";
"10";"KAMEL LEGEND 100S";"Ђ";"1";"1";"390.00";"0";"0";"0";"0";"0";"0";"0";"0";
"11";"LD RED";"Ђ";"1";"1";"370.00";"0";"0";"0";"0";"0";"0";"0";"0";
"12";"LD PINK SUPER SLIM";"Ђ";"1";"1";"390.00";"0";"0";"0";"0";"0";"0";"0";"0";
"13";"WINSTON XSTIL";"Ђ";"1";"1";"400.00";"0";"0";"0";"0";"0";"0";"0";"0";
"14";"WINSTON X STIL LONG";"Ђ";"1";"1";"410.00";"0";"0";"0";"0";"0";"0";"0";"0";
"15";"LUCKY RED ORIGINAL";"Ђ";"1";"1";"420.00";"0";"0";"0";"0";"0";"0";"0";"0";
"16";"WINSTON GOLD RED 100S";"Ђ";"1";"1";"420.00";"0";"0";"0";"0";"0";"0";"0";"0";
"17";"LM RED 100S";"Ђ";"1";"1";"370.00";"0";"0";"0";"0";"0";"0";"0";"0";
"18";"DAVIDOFF";"Ђ";"1";"1";"390.00";"0";"0";"0";"0";"0";"0";"0";"0";
"19";"MARLBORO TOUCH";"Ђ";"1";"1";"440.00";"0";"0";"0";"0";"0";"0";"0";"0";
"20";"MARLBORO GOLD TOUCH";"Ђ";"1";"1";"440.00";"0";"0";"0";"0";"0";"0";"0";"0";
"21";"FILTERI IL KAPO";"Ђ";"1";"1";"120.00";"0";"0";"0";"0";"0";"0";"0";"0";
"22";"RIZLA";"Ђ";"1";"1";"45.00";"0";"0";"0";"0";"0";"0";"0";"0";
"23";"MASINICA ZA FILTERE";"Ђ";"1";"1";"190.00";"0";"0";"0";"0";"0";"0";"0";"0";
"24";"MASINICA ZA MOTANJE";"Ђ";"1";"1";"240.00";"0";"0";"0";"0";"0";"0";"0";"0";
"25";"FILTERI I RIZLA";"Ђ";"1";"1";"120.00";"0";"0";"0";"0";"0";"0";"0";"0";
"26";"UPALJAC BIK";"Ђ";"1";"1";"115.00";"0";"0";"0";"0";"0";"0";"0";"0";
"27";"UPALJAC KRIKET I LAMPICA";"Ђ";"1";"1";"40.00";"0";"0";"0";"0";"0";"0";"0";"0";
"28";"UPALJACI OBICNI";"Ђ";"1";"1";"25.00";"0";"0";"0";"0";"0";"0";"0";"0";
"29";"SIJALICA 4Q";"Ђ";"1";"1";"40.00";"0";"0";"0";"0";"0";"0";"0";"0";
"30";"SIJALICA PHILIPS";"Ђ";"1";"1";"120.00";"0";"0";"0";"0";"0";"0";"0";"0";
"31";"SIJALICA LED 15V";"Ђ";"1";"1";"250.00";"0";"0";"0";"0";"0";"0";"0";"0";
"32";"SIJALICA 150W";"Ђ";"1";"1";"95.00";"0";"0";"0";"0";"0";"0";"0";"0";
"33";"SIBICA";"Ђ";"1";"1";"4.00";"0";"0";"0";"0";"0";"0";"0";"0";
"34";"ZAJECARSKO PIVO 0,330 PB";"Ђ";"1";"1";"60.00";"0";"0";"0";"0";"0";"0";"0";"0";
"35";"BIRA MORETI 0,400 PB";"Ђ";"1";"1";"80.00";"0";"0";"0";"0";"0";"0";"0";"0";
"36";"ZAJECARSKO PIVO 0,500 PB";"Ђ";"1";"1";"80.00";"0";"0";"0";"0";"0";"0";"0";"0";
"37";"PILS PLUS 0,500 PB";"Ђ";"1";"1";"90.00";"0";"0";"0";"0";"0";"0";"0";"0";
"38";"MORAVSKO PIVO 0,500 CAN";"Ђ";"1";"1";"80.00";"0";"0";"0";"0";"0";"0";"0";"0";
"39";"MERAK PIVO 0,500 CAN";"Ђ";"1";"1";"90.00";"0";"0";"0";"0";"0";"0";"0";"0";
"40";"BRAVO SORTA 0,250 LIMENKA";"Ђ";"1";"1";"95.00";"0";"0";"0";"0";"0";"0";"0";"0";
"41";"BRAVO SORTA 0,500";"Ђ";"1";"1";"95.00";"0";"0";"0";"0";"0";"0";"0";"0";
"42";"BRAVO SOK SORTA 1,500";"Ђ";"1";"1";"160.00";"0";"0";"0";"0";"0";"0";"0";"0";
"43";"FANTA LIMENKA 0,330";"Ђ";"1";"1";"85.00";"0";"0";"0";"0";"0";"0";"0";"0";
"44";"COCA COLA 0,330 LIMENKA";"Ђ";"1";"1";"90.00";"0";"0";"0";"0";"0";"0";"0";"0";
"45";"COCA COLA 0,500";"Ђ";"1";"1";"95.00";"0";"0";"0";"0";"0";"0";"0";"0";
"46";"FANTA ORANZ 0,500";"Ђ";"1";"1";"95.00";"0";"0";"0";"0";"0";"0";"0";"0";
"47";"FANTA ORANZ 2 /1";"Ђ";"1";"1";"190.00";"0";"0";"0";"0";"0";"0";"0";"0";
"48";"COCA COLA 2/1";"Ђ";"1";"1";"190.00";"0";"0";"0";"0";"0";"0";"0";"0";
"49";"BITER LEMON 0,500";"Ђ";"1";"1";"100.00";"0";"0";"0";"0";"0";"0";"0";"0";
"50";"BITER LEMON 1,500";"Ђ";"1";"1";"150.00";"0";"0";"0";"0";"0";"0";"0";"0";
"51";"BI KOLA I BI ORANZ 0,500";"Ђ";"1";"1";"60.00";"0";"0";"0";"0";"0";"0";"0";"0";
"52";"BI KOLA I ORANZ 2/1";"Ђ";"1";"1";"130.00";"0";"0";"0";"0";"0";"0";"0";"0";
"53";"MG MIVELA 1,35";"Ђ";"1";"1";"80.00";"0";"0";"0";"0";"0";"0";"0";"0";
"54";"PEPSI KOLA 2/1";"Ђ";"1";"1";"140.00";"0";"0";"0";"0";"0";"0";"0";"0";
"55";"HELLO SOK SORTA 1,500";"Ђ";"1";"1";"150.00";"0";"0";"0";"0";"0";"0";"0";"0";
"56";"HELLO SOK 0,500";"Ђ";"1";"1";"80.00";"0";"0";"0";"0";"0";"0";"0";"0";
"57";"ZAJECARSKO PIVO 2/1";"Ђ";"1";"1";"320.00";"0";"0";"0";"0";"0";"0";"0";"0";
"58";"NISKO PIVO 2/1";"Ђ";"1";"1";"240.00";"0";"0";"0";"0";"0";"0";"0";"0";
"59";"MERAK PIVO 2/1";"Ђ";"1";"1";"220.00";"0";"0";"0";"0";"0";"0";"0";"0";
"60";"LA VIVA 2/1";"Ђ";"1";"1";"160.00";"0";"0";"0";"0";"0";"0";"0";"0";
"61";"HEBA KISELA VODA 1,500";"Ђ";"1";"1";"60.00";"0";"0";"0";"0";"0";"0";"0";"0";
"62";"HEBA KISELA VODA 0,500";"Ђ";"1";"1";"45.00";"0";"0";"0";"0";"0";"0";"0";"0";
"63";"BIVODA 2/1";"Ђ";"1";"1";"70.00";"0";"0";"0";"0";"0";"0";"0";"0";
"64";"BI VODA 0,500";"Ђ";"1";"1";"40.00";"0";"0";"0";"0";"0";"0";"0";"0";
"65";"BI VODA 1/1";"Ђ";"1";"1";"45.00";"0";"0";"0";"0";"0";"0";"0";"0";
"66";"VODA VODA 1,500";"Ђ";"1";"1";"65.00";"0";"0";"0";"0";"0";"0";"0";"0";
"67";"VODA VODICA 0,500";"Ђ";"1";"1";"40.00";"0";"0";"0";"0";"0";"0";"0";"0";
"68";"PEPSI LIMENKA 0,330";"Ђ";"1";"1";"70.00";"0";"0";"0";"0";"0";"0";"0";"0";
"69";"PEPSI 0,500";"Ђ";"1";"1";"75.00";"0";"0";"0";"0";"0";"0";"0";"0";
"70";"PEPSI 1,500";"Ђ";"1";"1";"100.00";"0";"0";"0";"0";"0";"0";"0";"0";
"71";"TRAVARICA 1L";"Ђ";"1";"1";"700.00";"0";"0";"0";"0";"0";"0";"0";"0";
"72";"STOMAKLIJA 1L";"Ђ";"1";"1";"1350.00";"0";"0";"0";"0";"0";"0";"0";"0";
"73";"VINJAK 1L";"Ђ";"1";"1";"1350.00";"0";"0";"0";"0";"0";"0";"0";"0";
"74";"BADEL BRENDY 1L";"Ђ";"1";"1";"1200.00";"0";"0";"0";"0";"0";"0";"0";"0";
"75";"GORKI LIST 1L";"Ђ";"1";"1";"1350.00";"0";"0";"0";"0";"0";"0";"0";"0";
"76";"GORKI LIST SA CASOM";"Ђ";"1";"1";"1300.00";"0";"0";"0";"0";"0";"0";"0";"0";
"77";"OUZO 2L";"Ђ";"1";"1";"1700.00";"0";"0";"0";"0";"0";"0";"0";"0";
"78";"OUZO 1L";"Ђ";"1";"1";"850.00";"0";"0";"0";"0";"0";"0";"0";"0";
"79";"OUZO 0,200";"Ђ";"1";"1";"220.00";"0";"0";"0";"0";"0";"0";"0";"0";
"80";"SLJIVOVICA 1L";"Ђ";"1";"1";"550.00";"0";"0";"0";"0";"0";"0";"0";"0";
"81";"ZLATNA TAJNA SORTA 1L";"Ђ";"1";"1";"550.00";"0";"0";"0";"0";"0";"0";"0";"0";
"82";"VINO NIKOLAS +CASE";"Ђ";"1";"1";"780.00";"0";"0";"0";"0";"0";"0";"0";"0";
"83";"VINO BELO 1L";"Ђ";"1";"1";"345.00";"0";"0";"0";"0";"0";"0";"0";"0";
"84";"VINO CRNO 1L";"Ђ";"1";"1";"345.00";"0";"0";"0";"0";"0";"0";"0";"0";
"85";"SOK SIRUP SORTA 0,850";"Ђ";"1";"1";"190.00";"0";"0";"0";"0";"0";"0";"0";"0";
"86";"MED TEGLA 1KG";"Ђ";"1";"1";"500.00";"0";"0";"0";"0";"0";"0";"0";"0";
"87";"MARMELADA SIPURAK 670";"Ђ";"1";"1";"490.00";"0";"0";"0";"0";"0";"0";"0";"0";
"88";"FEFERONA TEGLA 0,630";"Ђ";"1";"1";"240.00";"0";"0";"0";"0";"0";"0";"0";"0";
"89";"FEFERONA TEGLA 0,200";"Ђ";"1";"1";"125.00";"0";"0";"0";"0";"0";"0";"0";"0";
"90";"FRFERONA KESICA";"Ђ";"1";"1";"40.00";"0";"0";"0";"0";"0";"0";"0";"0";
"91";"BABURICE TEGLA 670";"Ђ";"1";"1";"330.00";"0";"0";"0";"0";"0";"0";"0";"0";
"92";"KORNISONI GRIN GARDEN 670";"Ђ";"1";"1";"260.00";"0";"0";"0";"0";"0";"0";"0";"0";
"93";"KRASTAVAC TEGLA 670";"Ђ";"1";"1";"230.00";"0";"0";"0";"0";"0";"0";"0";"0";
"94";"SAMPINJONI TEGLA 680";"Ђ";"1";"1";"395.00";"0";"0";"0";"0";"0";"0";"0";"0";
"95";"SAMPINJONI KESA";"Ђ";"1";"1";"100.00";"0";"0";"0";"0";"0";"0";"0";"0";
"96";"SIRCE LUZNICA ALKOHOLNO 1L";"Ђ";"1";"1";"100.00";"0";"0";"0";"0";"0";"0";"0";"0";
"97";"SIRCE LUZNICA VINSKO 1L";"Ђ";"1";"1";"150.00";"0";"0";"0";"0";"0";"0";"0";"0";
"98";"SIRCE LUZNICA JABUKOVO 1L";"Ђ";"1";"1";"165.00";"0";"0";"0";"0";"0";"0";"0";"0";
"99";"SIRCE LUZNICA 3L";"Ђ";"1";"1";"240.00";"0";"0";"0";"0";"0";"0";"0";"0";
"100";"ESENCIJA 250 GR";"Ђ";"1";"1";"150.00";"0";"0";"0";"0";"0";"0";"0";"0";
"101";"ULJE ISKON 1L";"Е";"1";"1";"185.00";"0";"0";"0";"0";"0";"0";"0";"0";
"102";"ULJE DIJAMANT 1L";"Е";"1";"1";"170.00";"0";"0";"0";"0";"0";"0";"0";"0";
"103";"SECER KRISTAL 1/1";"Е";"1";"1";"130.00";"0";"0";"0";"0";"0";"0";"0";"0";
"104";"SECER KOCKA 250";"Е";"1";"1";"80.00";"0";"0";"0";"0";"0";"0";"0";"0";
"105";"SO KUHINJSKA TUZLA 1 KG";"Ђ";"1";"1";"95.00";"0";"0";"0";"0";"0";"0";"0";"0";
"106";"SO KUHINJSKA 5/1 BEOGRAD";"Ђ";"1";"1";"300.00";"0";"0";"0";"0";"0";"0";"0";"0";
"107";"SO STOCNA 5/1";"Ђ";"1";"1";"220.00";"0";"0";"0";"0";"0";"0";"0";"0";
"108";"SUVI KVASAC 500 RUSKI";"Ђ";"1";"1";"700.00";"0";"0";"0";"0";"0";"0";"0";"0";
"109";"SO KUHINJSKA 5/1 TUZLA";"Ђ";"1";"1";"345.00";"0";"0";"0";"0";"0";"0";"0";"0";
"110";"KVASAC 125 C";"Ђ";"1";"1";"125.00";"0";"0";"0";"0";"0";"0";"0";"0";
"111";"KVASAC 10 C";"Ђ";"1";"1";"30.00";"0";"0";"0";"0";"0";"0";"0";"0";
"112";"STORM ZACIN 900";"Ђ";"1";"1";"230.00";"0";"0";"0";"0";"0";"0";"0";"0";
"113";"HORGOSKI ZACIN 250";"Ђ";"1";"1";"100.00";"0";"0";"0";"0";"0";"0";"0";"0";
"114";"HORGOSKA PAPRIKA 125";"Ђ";"1";"1";"300.00";"0";"0";"0";"0";"0";"0";"0";"0";
"115";"HORGOSKA SUDZUK 75 LJUTA";"Ђ";"1";"1";"270.00";"0";"0";"0";"0";"0";"0";"0";"0";
"116";"HOR PAP+ ZACIN";"Ђ";"1";"1";"220.00";"0";"0";"0";"0";"0";"0";"0";"0";
"117";"LESKOVACKA SL PAPRIKA 100";"Ђ";"1";"1";"120.00";"0";"0";"0";"0";"0";"0";"0";"0";
"118";"ZACIN C 275";"Ђ";"1";"1";"150.00";"0";"0";"0";"0";"0";"0";"0";"0";
"119";"MEGA ZACIN 250";"Ђ";"1";"1";"90.00";"0";"0";"0";"0";"0";"0";"0";"0";
"120";"PALENTA 450";"Ђ";"1";"1";"90.00";"0";"0";"0";"0";"0";"0";"0";"0";
"121";"KUKURUZNO BRASNO 450";"Е";"1";"1";"75.00";"0";"0";"0";"0";"0";"0";"0";"0";
"122";"FIDA 400 POSNA";"Ђ";"1";"1";"75.00";"0";"0";"0";"0";"0";"0";"0";"0";
"123";"MAKARONA 400 POSNA";"Ђ";"1";"1";"75.00";"0";"0";"0";"0";"0";"0";"0";"0";
"124";"MAKARONA 350";"Ђ";"1";"1";"65.00";"0";"0";"0";"0";"0";"0";"0";"0";
"125";"SPAGETE 400";"Ђ";"1";"1";"100.00";"0";"0";"0";"0";"0";"0";"0";"0";
"126";"SUPA PILECA SA MESOM";"Ђ";"1";"1";"60.00";"0";"0";"0";"0";"0";"0";"0";"0";
"127";"SUPA GOVEDJA SA MESOM";"Ђ";"1";"1";"60.00";"0";"0";"0";"0";"0";"0";"0";"0";
"128";"SUPA PEVAC PODRAVKA";"Ђ";"1";"1";"60.00";"0";"0";"0";"0";"0";"0";"0";"0";
"129";"SUPA MAGI";"Ђ";"1";"1";"40.00";"0";"0";"0";"0";"0";"0";"0";"0";
"130";"KREM SUPA MLADOST";"Ђ";"1";"1";"35.00";"0";"0";"0";"0";"0";"0";"0";"0";
"131";"KOKOSJA SUPA MLADOST";"Ђ";"1";"1";"40.00";"0";"0";"0";"0";"0";"0";"0";"0";
"132";"KOCKA SUPA 4 KOM";"Ђ";"1";"1";"55.00";"0";"0";"0";"0";"0";"0";"0";"0";
"133";"NUDLE SPECIJAL INSTANT 5KOM";"Ђ";"1";"1";"170.00";"0";"0";"0";"0";"0";"0";"0";"0";
"134";"NUDLE CINIJA";"Ђ";"1";"1";"80.00";"0";"0";"0";"0";"0";"0";"0";"0";
"135";"OBLANDA 5/1";"Ђ";"1";"1";"100.00";"0";"0";"0";"0";"0";"0";"0";"0";
"136";"KORE ZA TORTU";"Ђ";"1";"1";"490.00";"0";"0";"0";"0";"0";"0";"0";"0";
"137";"NISESTE 200";"Ђ";"1";"1";"65.00";"0";"0";"0";"0";"0";"0";"0";"0";
"138";"GRIZ 200";"Ђ";"1";"1";"65.00";"0";"0";"0";"0";"0";"0";"0";"0";
"139";"KAKAO UPRAHU 80";"Ђ";"1";"1";"125.00";"0";"0";"0";"0";"0";"0";"0";"0";
"140";"SECER U PRAHU 200";"Ђ";"1";"1";"80.00";"0";"0";"0";"0";"0";"0";"0";"0";
"141";"KOKOSOVO BRASNO 80";"Ђ";"1";"1";"60.00";"0";"0";"0";"0";"0";"0";"0";"0";
"142";"SUVO GROZDJE 80";"Ђ";"1";"1";"65.00";"0";"0";"0";"0";"0";"0";"0";"0";
"143";"SUSAM 80";"Ђ";"1";"1";"80.00";"0";"0";"0";"0";"0";"0";"0";"0";
"144";"DEBRECINER KOBASICA";"Ђ";"1";"1";"260.00";"0";"0";"0";"0";"0";"0";"0";"0";
"145";"LOVOROV LIST";"Ђ";"1";"1";"40.00";"0";"0";"0";"0";"0";"0";"0";"0";
"146";"KOKICAR 200";"Ђ";"1";"1";"75.00";"0";"0";"0";"0";"0";"0";"0";"0";
"147";"SODA B/B 500";"Ђ";"1";"1";"100.00";"0";"0";"0";"0";"0";"0";"0";"0";
"148";"SODA B/B 20";"Ђ";"1";"1";"10.00";"0";"0";"0";"0";"0";"0";"0";"0";
"149";"PSENICA BELIJA 500";"Е";"1";"1";"75.00";"0";"0";"0";"0";"0";"0";"0";"0";
"150";"PIRINAC 900 KOCANSKI";"Е";"1";"1";"250.00";"0";"0";"0";"0";"0";"0";"0";"0";
"151";"PRASAK ZA PECIVO C";"Ђ";"1";"1";"16.00";"0";"0";"0";"0";"0";"0";"0";"0";
"152";"VANILIN SECER MLASOST";"Ђ";"1";"1";"10.00";"0";"0";"0";"0";"0";"0";"0";"0";
"153";"BIBER U ZRNU";"Ђ";"1";"1";"15.00";"0";"0";"0";"0";"0";"0";"0";"0";
"154";"BIBER MLEVENI";"Ђ";"1";"1";"15.00";"0";"0";"0";"0";"0";"0";"0";"0";
"155";"CIMET MLEVENI";"Ђ";"1";"1";"7.00";"0";"0";"0";"0";"0";"0";"0";"0";
"156";"ORIGANO";"Ђ";"1";"1";"6.00";"0";"0";"0";"0";"0";"0";"0";"0";
"157";"LIMONTUS";"Ђ";"1";"1";"12.00";"0";"0";"0";"0";"0";"0";"0";"0";
"158";"SALICIL";"Ђ";"1";"1";"25.00";"0";"0";"0";"0";"0";"0";"0";"0";
"159";"VINOBRAN";"Ђ";"1";"1";"10.00";"0";"0";"0";"0";"0";"0";"0";"0";
"160";"KONZERVANS";"Ђ";"1";"1";"8.00";"0";"0";"0";"0";"0";"0";"0";"0";
"161";"MOJA KRAVICA 1L";"Е";"1";"1";"165.00";"0";"0";"0";"0";"0";"0";"0";"0";
"162";"LESKOVACKO MIZZO MLEKO 1L";"Е";"1";"1";"150.00";"0";"0";"0";"0";"0";"0";"0";"0";
"163";"COKOLADNO MLEKO 250";"Е";"1";"1";"70.00";"0";"0";"0";"0";"0";"0";"0";"0";
"164";"JOGURT 1L";"Е";"1";"1";"150.00";"0";"0";"0";"0";"0";"0";"0";"0";
"165";"JOGURT 500";"Е";"1";"1";"90.00";"0";"0";"0";"0";"0";"0";"0";"0";
"166";"JOGURT 200";"Е";"1";"1";"35.00";"0";"0";"0";"0";"0";"0";"0";"0";
"167";"MLEKO ZDRAVO 1L";"Е";"1";"1";"135.00";"0";"0";"0";"0";"0";"0";"0";"0";
"168";"KISELA PAVLAKA 400";"Ђ";"1";"1";"150.00";"0";"0";"0";"0";"0";"0";"0";"0";
"169";"KISELA PAVLAKA 200";"Ђ";"1";"1";"70.00";"0";"0";"0";"0";"0";"0";"0";"0";
"170";"KISELO MLEKO 400";"Е";"1";"1";"90.00";"0";"0";"0";"0";"0";"0";"0";"0";
"171";"KISELO MLEKO 200";"Е";"1";"1";"50.00";"0";"0";"0";"0";"0";"0";"0";"0";
"172";"VOCNI JOGURT 100";"Ђ";"1";"1";"50.00";"0";"0";"0";"0";"0";"0";"0";"0";
"173";"SIRKO 100";"Ђ";"1";"1";"120.00";"0";"0";"0";"0";"0";"0";"0";"0";
"174";"KACKAVALJ MILKOP";"Ђ";"1";"1";"1100.00";"0";"0";"0";"0";"0";"0";"0";"0";
"175";"KACKAVALJ KUC";"Ђ";"1";"1";"1100.00";"0";"0";"0";"0";"0";"0";"0";"0";
"176";"KACKAVALJ SORTA";"Ђ";"1";"1";"1100.00";"0";"0";"0";"0";"0";"0";"0";"0";
"177";"HAJDY TOPLJENI SIR";"Ђ";"1";"1";"140.00";"0";"0";"0";"0";"0";"0";"0";"0";
"178";"YAYLA FETA 600";"Ђ";"1";"1";"600.00";"0";"0";"0";"0";"0";"0";"0";"0";
"179";"PIROTSKA KRISKA";"Ђ";"1";"1";"450.00";"0";"0";"0";"0";"0";"0";"0";"0";
"180";"TVRDI SIR KRISKA STARA PLANINA";"Ђ";"1";"1";"725.00";"0";"0";"0";"0";"0";"0";"0";"0";
"181";"SL PASULJ SA SUVIM REBRIMA 300";"Ђ";"1";"1";"250.00";"0";"0";"0";"0";"0";"0";"0";"0";
"182";"SL CUFTA U PARADAJZ SOSU 300";"Ђ";"1";"1";"300.00";"0";"0";"0";"0";"0";"0";"0";"0";
"183";"SL SVINJSKI PAPRIKAS 300";"Ђ";"1";"1";"300.00";"0";"0";"0";"0";"0";"0";"0";"0";
"184";"SL GOVEDJI GULAS 300";"Ђ";"1";"1";"350.00";"0";"0";"0";"0";"0";"0";"0";"0";
"185";"JAJA L KLASA";"Е";"1";"1";"15.00";"0";"0";"0";"0";"0";"0";"0";"0";
"186";"MESNI NAREZAK STARI BEOGRAD 400";"Ђ";"1";"1";"185.00";"0";"0";"0";"0";"0";"0";"0";"0";
"187";"TURISTICKI NAREZAK 300";"Ђ";"1";"1";"150.00";"0";"0";"0";"0";"0";"0";"0";"0";
"188";"ARIA NAREZAK SORTA";"Ђ";"1";"1";"85.00";"0";"0";"0";"0";"0";"0";"0";"0";
"189";"YUHOR MESNI NAREZAK 150";"Ђ";"1";"1";"150.00";"0";"0";"0";"0";"0";"0";"0";"0";
"190";"GOVEDJI GULAS";"Ђ";"1";"1";"125.00";"0";"0";"0";"0";"0";"0";"0";"0";
"191";"CARNEX PASTETA JETRENA 150";"Ђ";"1";"1";"140.00";"0";"0";"0";"0";"0";"0";"0";"0";
"192";"CARNEX PASTETA JETRENA 75";"Ђ";"1";"1";"90.00";"0";"0";"0";"0";"0";"0";"0";"0";
"193";"CARNEX PASTETA JETRENA 50";"Ђ";"1";"1";"65.00";"0";"0";"0";"0";"0";"0";"0";"0";
"194";"YUHOR CAJNA PASTETA 50";"Ђ";"1";"1";"65.00";"0";"0";"0";"0";"0";"0";"0";"0";
"195";"YUHOR PASTETA U CREVU 150";"Ђ";"1";"1";"90.00";"0";"0";"0";"0";"0";"0";"0";"0";
"196";"SARDINA BEOGRAD 100";"Ђ";"1";"1";"100.00";"0";"0";"0";"0";"0";"0";"0";"0";
"197";"SARDINA IL KAPITANO 0,125";"Ђ";"1";"1";"125.00";"0";"0";"0";"0";"0";"0";"0";"0";
"198";"TUNJEVINA KOMADICI";"Ђ";"1";"1";"100.00";"0";"0";"0";"0";"0";"0";"0";"0";
"199";"TUNJEVINA KRUPNA";"Ђ";"1";"1";"180.00";"0";"0";"0";"0";"0";"0";"0";"0";
"200";"OSLIC SMRZNUTI";"Е";"1";"1";"440.00";"0";"0";"0";"0";"0";"0";"0";"0";
"201";"MAJONEZ TUBA 500";"Ђ";"1";"1";"300.00";"0";"0";"0";"0";"0";"0";"0";"0";
"202";"MAJONEZ KESICA 90";"Ђ";"1";"1";"70.00";"0";"0";"0";"0";"0";"0";"0";"0";
"203";"KECAP TUBA 500";"Ђ";"1";"1";"200.00";"0";"0";"0";"0";"0";"0";"0";"0";
"204";"KECAP KESA 0,090";"Ђ";"1";"1";"40.00";"0";"0";"0";"0";"0";"0";"0";"0";
"205";"SENF C 100";"Ђ";"1";"1";"80.00";"0";"0";"0";"0";"0";"0";"0";"0";
"206";"DOBRO JUTRO ML MARGARIN";"Ђ";"1";"1";"165.00";"0";"0";"0";"0";"0";"0";"0";"0";
"207";"VITAL MARGARIN 250";"Ђ";"1";"1";"100.00";"0";"0";"0";"0";"0";"0";"0";"0";
"208";"DOMACI CVARCI 200";"Ђ";"1";"1";"480.00";"0";"0";"0";"0";"0";"0";"0";"0";
"209";"KULEN GURME";"Ђ";"1";"1";"1150.00";"0";"0";"0";"0";"0";"0";"0";"0";
"210";"CAJNA KOBASICA GURME";"Ђ";"1";"1";"1150.00";"0";"0";"0";"0";"0";"0";"0";"0";
"211";"SREMSKA KOBASICA B DJOKIC";"Ђ";"1";"1";"1000.00";"0";"0";"0";"0";"0";"0";"0";"0";
"212";"PEKARSKA KOBASICA GURME";"Ђ";"1";"1";"500.00";"0";"0";"0";"0";"0";"0";"0";"0";
"213";"LOVACKA KOBASICA GURME";"Ђ";"1";"1";"400.00";"0";"0";"0";"0";"0";"0";"0";"0";
"214";"GRIL KOBASICA GURME";"Ђ";"1";"1";"300.00";"0";"0";"0";"0";"0";"0";"0";"0";
"215";"HOD DOG VIRSLA DELIKATES GURME";"Ђ";"1";"1";"180.00";"0";"0";"0";"0";"0";"0";"0";"0";
"216";"POSEBNA MINI GURME 300";"Ђ";"1";"1";"120.00";"0";"0";"0";"0";"0";"0";"0";"0";
"217";"POSEBNA MINI YUHOR 350";"Ђ";"1";"1";"200.00";"0";"0";"0";"0";"0";"0";"0";"0";
"218";"MINI ALPSKA 300 GURME";"Ђ";"1";"1";"180.00";"0";"0";"0";"0";"0";"0";"0";"0";
"219";"MINI ALPSKA YUHOR 350";"Ђ";"1";"1";"240.00";"0";"0";"0";"0";"0";"0";"0";"0";
"220";"MINI SUNKA 300 GURME";"Ђ";"1";"1";"280.00";"0";"0";"0";"0";"0";"0";"0";"0";
"221";"PARISKA MINI 300";"Ђ";"1";"1";"130.00";"0";"0";"0";"0";"0";"0";"0";"0";
"222";"PIZZA SUNKA B DJOKIC";"Ђ";"1";"1";"750.00";"0";"0";"0";"0";"0";"0";"0";"0";
"223";"TOST NAREZAK B DJOKIC";"Ђ";"1";"1";"600.00";"0";"0";"0";"0";"0";"0";"0";"0";
"224";"ALPSKA SALAMA";"Ђ";"1";"1";"600.00";"0";"0";"0";"0";"0";"0";"0";"0";
"225";"PARIZER SA KACKAVALJEM MAK";"Ђ";"1";"1";"525.00";"0";"0";"0";"0";"0";"0";"0";"0";
"226";"ZANATSKA SLANINA RFZ";"Ђ";"1";"1";"1000.00";"0";"0";"0";"0";"0";"0";"0";"0";
"227";"SPIC REBRA RFZ";"Ђ";"1";"1";"950.00";"0";"0";"0";"0";"0";"0";"0";"0";
"228";"SUVI VRAT RFZ";"Ђ";"1";"1";"1100.00";"0";"0";"0";"0";"0";"0";"0";"0";
"229";"SLANINSKA KOBASICA RFZ";"Ђ";"1";"1";"350.00";"0";"0";"0";"0";"0";"0";"0";"0";
"230";"DOMACA TANKA RFZ MARINKOVIC";"Ђ";"1";"1";"750.00";"0";"0";"0";"0";"0";"0";"0";"0";
"231";"VESALICE SORTA RFZ";"Ђ";"1";"1";"1200.00";"0";"0";"0";"0";"0";"0";"0";"0";
"232";"BUTKICE RFZ";"Ђ";"1";"1";"600.00";"0";"0";"0";"0";"0";"0";"0";"0";
"233";"KOLENICE RFZ";"Ђ";"1";"1";"550.00";"0";"0";"0";"0";"0";"0";"0";"0";
"234";"NOGICE RFZ";"Ђ";"1";"1";"250.00";"0";"0";"0";"0";"0";"0";"0";"0";
"235";"DIMLJENE KOSTI RFZ";"Ђ";"1";"1";"350.00";"0";"0";"0";"0";"0";"0";"0";"0";
"236";"KREMENADLA";"Ђ";"1";"1";"700.00";"0";"0";"0";"0";"0";"0";"0";"0";
"237";"SVINJSKO BK";"Ђ";"1";"1";"950.00";"0";"0";"0";"0";"0";"0";"0";"0";
"238";"MESANO MLEVENO";"Ђ";"1";"1";"1000.00";"0";"0";"0";"0";"0";"0";"0";"0";
"239";"PILETINA";"Е";"1";"1";"300.00";"0";"0";"0";"0";"0";"0";"0";"0";
"240";"BATAK IKARABATAK";"Е";"1";"1";"350.00";"0";"0";"0";"0";"0";"0";"0";"0";
"241";"PILECE GRUDI";"Е";"1";"1";"850.00";"0";"0";"0";"0";"0";"0";"0";"0";
"242";"ROSTILJ MESO 1 KG";"Ђ";"1";"1";"600.00";"0";"0";"0";"0";"0";"0";"0";"0";
"243";"SVINJSKA MAST 1 KG";"Ђ";"1";"1";"420.00";"0";"0";"0";"0";"0";"0";"0";"0";
"244";"KORE ZA PITU 500";"Ђ";"1";"1";"125.00";"0";"0";"0";"0";"0";"0";"0";"0";
"245";"SOCIVO 500";"Е";"1";"1";"200.00";"0";"0";"0";"0";"0";"0";"0";"0";
"246";"BENI SOK 2/1";"Ђ";"1";"1";"90.00";"0";"0";"0";"0";"0";"0";"0";"0";
"247";"BENI SOK 0,5";"Ђ";"1";"1";"60.00";"0";"0";"0";"0";"0";"0";"0";"0";
"248";"GORKA TAJNA 1/1";"Ђ";"1";"1";"1000.00";"0";"0";"0";"0";"0";"0";"0";"0";
"249";"KONJAK ROK 98";"Ђ";"1";"1";"725.00";"0";"0";"0";"0";"0";"0";"0";"0";
"250";"TORTE SORTA CERMAT";"Ђ";"1";"1";"1800.00";"0";"0";"0";"0";"0";"0";"0";"0";
"251";"TORTA NUGAT CERMAT";"Ђ";"1";"1";"2200.00";"0";"0";"0";"0";"0";"0";"0";"0";
"252";"BEVITA RFZ";"Ђ";"1";"1";"375.00";"0";"0";"0";"0";"0";"0";"0";"0";
"253";"BEVITA 630";"Ђ";"1";"1";"240.00";"0";"0";"0";"0";"0";"0";"0";"0";
"254";"BEVITA MLEVENA 270";"Ђ";"1";"1";"170.00";"0";"0";"0";"0";"0";"0";"0";"0";
"255";"ZLATNI PEK 680";"Ђ";"1";"1";"250.00";"0";"0";"0";"0";"0";"0";"0";"0";
"256";"ZLATNI PEK 100";"Ђ";"1";"1";"50.00";"0";"0";"0";"0";"0";"0";"0";"0";
"257";"NOBLICE THINS";"Ђ";"1";"1";"135.00";"0";"0";"0";"0";"0";"0";"0";"0";
"258";"NOBLICE KESA";"Ђ";"1";"1";"200.00";"0";"0";"0";"0";"0";"0";"0";"0";
"259";"NAPOLITANKA STARK 150";"Ђ";"1";"1";"150.00";"0";"0";"0";"0";"0";"0";"0";"0";
"260";"NELA NAPOLITANKA STARK 265";"Ђ";"1";"1";"250.00";"0";"0";"0";"0";"0";"0";"0";"0";
"261";"COKO KEKSICI";"Ђ";"1";"1";"145.00";"0";"0";"0";"0";"0";"0";"0";"0";
"262";"LINEA NAPOLITANKA 400";"Ђ";"1";"1";"190.00";"0";"0";"0";"0";"0";"0";"0";"0";
"263";"MEDELA NAPOLITANKA 400";"Ђ";"1";"1";"190.00";"0";"0";"0";"0";"0";"0";"0";"0";
"264";"LINEA STANGLICE 200";"Ђ";"1";"1";"100.00";"0";"0";"0";"0";"0";"0";"0";"0";
"265";"PLAZMA KEKS 150";"Ђ";"1";"1";"195.00";"0";"0";"0";"0";"0";"0";"0";"0";
"266";"PLAZMA MLEVENA 300";"Ђ";"1";"1";"300.00";"0";"0";"0";"0";"0";"0";"0";"0";
"267";"COKO PLAZMA 135";"Ђ";"1";"1";"190.00";"0";"0";"0";"0";"0";"0";"0";"0";
"268";"JAFA KUTIJA";"Ђ";"1";"1";"130.00";"0";"0";"0";"0";"0";"0";"0";"0";
"269";"JAFA 150 ORIGINAL";"Ђ";"1";"1";"150.00";"0";"0";"0";"0";"0";"0";"0";"0";
"270";"JAFA NAPOLITANKA SLAG I COKOLADA 175";"Ђ";"1";"1";"120.00";"0";"0";"0";"0";"0";"0";"0";"0";
"271";"ORANZ BISKVIT 500";"Ђ";"1";"1";"325.00";"0";"0";"0";"0";"0";"0";"0";"0";
"272";"ISLERI SA EUROKREMOM";"Ђ";"1";"1";"135.00";"0";"0";"0";"0";"0";"0";"0";"0";
"273";"EUROVAFEL MILK 180";"Ђ";"1";"1";"130.00";"0";"0";"0";"0";"0";"0";"0";"0";
"274";"BAMBI NAPOLITANKA 170";"Ђ";"1";"1";"120.00";"0";"0";"0";"0";"0";"0";"0";"0";
"275";"PRALINE 180";"Ђ";"1";"1";"100.00";"0";"0";"0";"0";"0";"0";"0";"0";
"276";"PRRALINE DOLCE VITA";"Ђ";"1";"1";"250.00";"0";"0";"0";"0";"0";"0";"0";"0";
"277";"MEDENO SRCE 150";"Ђ";"1";"1";"130.00";"0";"0";"0";"0";"0";"0";"0";"0";
"278";"MEDENJAK SL 200";"Ђ";"1";"1";"130.00";"0";"0";"0";"0";"0";"0";"0";"0";
"279";"COKO FINGERS 400";"Ђ";"1";"1";"480.00";"0";"0";"0";"0";"0";"0";"0";"0";
"280";"BATON STAPICI";"Ђ";"1";"1";"145.00";"0";"0";"0";"0";"0";"0";"0";"0";
"281";"MINJON KOCKA GOGA";"Ђ";"1";"1";"125.00";"0";"0";"0";"0";"0";"0";"0";"0";
"282";"IZZI KOLACI SORTA";"Ђ";"1";"1";"130.00";"0";"0";"0";"0";"0";"0";"0";"0";
"283";"VANILICE 350 AMORETI";"Ђ";"1";"1";"200.00";"0";"0";"0";"0";"0";"0";"0";"0";
"284";"COKO SAPICE";"Ђ";"1";"1";"120.00";"0";"0";"0";"0";"0";"0";"0";"0";
"285";"BROWN HEART 0,300";"Ђ";"1";"1";"175.00";"0";"0";"0";"0";"0";"0";"0";"0";
"286";"PRINCEZA 0,300";"Ђ";"1";"1";"260.00";"0";"0";"0";"0";"0";"0";"0";"0";
"287";"COKO STRUDLICE 0,220";"Ђ";"1";"1";"140.00";"0";"0";"0";"0";"0";"0";"0";"0";
"288";"GOLDI MIKS KARAMELA 275";"Ђ";"1";"1";"150.00";"0";"0";"0";"0";"0";"0";"0";"0";
"289";"SONJA PECIVO 150";"Ђ";"1";"1";"110.00";"0";"0";"0";"0";"0";"0";"0";"0";
"290";"PRINCEZA MIX 225";"Ђ";"1";"1";"190.00";"0";"0";"0";"0";"0";"0";"0";"0";
"291";"PRINCEZA 150";"Ђ";"1";"1";"125.00";"0";"0";"0";"0";"0";"0";"0";"0";
"292";"STRUDLA MEDELA 240";"Ђ";"1";"1";"145.00";"0";"0";"0";"0";"0";"0";"0";"0";
"293";"CAKE BAR TORTICE 8 KOM";"Ђ";"1";"1";"125.00";"0";"0";"0";"0";"0";"0";"0";"0";
"294";"DOLCE VITA ROLADA 300";"Ђ";"1";"1";"150.00";"0";"0";"0";"0";"0";"0";"0";"0";
"295";"DOLCE VITA TORTICE";"Ђ";"1";"1";"250.00";"0";"0";"0";"0";"0";"0";"0";"0";
"296";"NAPOLITANKA KIK MLECNA";"Ђ";"1";"1";"95.00";"0";"0";"0";"0";"0";"0";"0";"0";
"297";"KLASIK MESAVINA";"Ђ";"1";"1";"150.00";"0";"0";"0";"0";"0";"0";"0";"0";
"298";"MEDELA MESAVINA";"Ђ";"1";"1";"170.00";"0";"0";"0";"0";"0";"0";"0";"0";
"299";"TURSKI KEKS 300";"Ђ";"1";"1";"180.00";"0";"0";"0";"0";"0";"0";"0";"0";
"300";"COKO BISKVIT";"Ђ";"1";"1";"140.00";"0";"0";"0";"0";"0";"0";"0";"0";
"301";"NAPOLA TANKE";"Ђ";"1";"1";"130.00";"0";"0";"0";"0";"0";"0";"0";"0";
"302";"JAFFA BROVNIE 75";"Ђ";"1";"1";"90.00";"0";"0";"0";"0";"0";"0";"0";"0";
"303";"TOTO BISKVIT COKO";"Ђ";"1";"1";"170.00";"0";"0";"0";"0";"0";"0";"0";"0";
"304";"ROSEN BOMBONJERA 145";"Ђ";"1";"1";"280.00";"0";"0";"0";"0";"0";"0";"0";"0";
"305";"STRONG NAPOLITANKE LESNIK";"Ђ";"1";"1";"170.00";"0";"0";"0";"0";"0";"0";"0";"0";
"306";"STRONG NAPOLITANKE MLEKO";"Ђ";"1";"1";"170.00";"0";"0";"0";"0";"0";"0";"0";"0";
"307";"POP KEJK KLASIK";"Ђ";"1";"1";"45.00";"0";"0";"0";"0";"0";"0";"0";"0";
"308";"O LA LA TORTICE 25 GR";"Ђ";"1";"1";"40.00";"0";"0";"0";"0";"0";"0";"0";"0";
"309";"VITANOVA 30 GR";"Ђ";"1";"1";"40.00";"0";"0";"0";"0";"0";"0";"0";"0";
"310";"BONZITA 30 GR";"Ђ";"1";"1";"50.00";"0";"0";"0";"0";"0";"0";"0";"0";
"311";"KIDY MLECNI 30 GR";"Ђ";"1";"1";"45.00";"0";"0";"0";"0";"0";"0";"0";"0";
"312";"ROSEN COKOLADA KARAMELA";"Ђ";"1";"1";"55.00";"0";"0";"0";"0";"0";"0";"0";"0";
"313";"ROSEN BOMBONJERA";"Ђ";"1";"1";"650.00";"0";"0";"0";"0";"0";"0";"0";"0";
"314";"CICA MACA 30 GR";"Ђ";"1";"1";"40.00";"0";"0";"0";"0";"0";"0";"0";"0";
"315";"JUHU COKOLADICA MLEKO 30";"Ђ";"1";"1";"50.00";"0";"0";"0";"0";"0";"0";"0";"0";
"316";"MILKA 300";"Ђ";"1";"1";"400.00";"0";"0";"0";"0";"0";"0";"0";"0";
"317";"MILKA LESNIK 90";"Ђ";"1";"1";"180.00";"0";"0";"0";"0";"0";"0";"0";"0";
"318";"MILKA NOISET I MLEKO 80";"Ђ";"1";"1";"165.00";"0";"0";"0";"0";"0";"0";"0";"0";
"319";"NAJLEPSE ZELJE 80 STARK";"Ђ";"1";"1";"200.00";"0";"0";"0";"0";"0";"0";"0";"0";
"320";"GALEB MLECNA 80 PIONIR";"Ђ";"1";"1";"150.00";"0";"0";"0";"0";"0";"0";"0";"0";
"321";"BANAT COKOLADA 200";"Ђ";"1";"1";"240.00";"0";"0";"0";"0";"0";"0";"0";"0";
"322";"BANAT COKOLADA 80";"Ђ";"1";"1";"180.00";"0";"0";"0";"0";"0";"0";"0";"0";
"323";"NELINA COKOLADA 250";"Ђ";"1";"1";"320.00";"0";"0";"0";"0";"0";"0";"0";"0";
"324";"NELINA COKOLADA 80";"Ђ";"1";"1";"100.00";"0";"0";"0";"0";"0";"0";"0";"0";
"325";"EUROKREM BLOK 90";"Ђ";"1";"1";"75.00";"0";"0";"0";"0";"0";"0";"0";"0";
"326";"ZELE ZEKA";"Ђ";"1";"1";"20.00";"0";"0";"0";"0";"0";"0";"0";"0";
"327";"MONI RICE 150";"Ђ";"1";"1";"170.00";"0";"0";"0";"0";"0";"0";"0";"0";
"328";"KINDER COKOLADA 100";"Ђ";"1";"1";"190.00";"0";"0";"0";"0";"0";"0";"0";"0";
"329";"MENAZ CRNA COKOLADA 100";"Ђ";"1";"1";"235.00";"0";"0";"0";"0";"0";"0";"0";"0";
"330";"COKOLADA ZA KUVANJE GOGA";"Ђ";"1";"1";"60.00";"0";"0";"0";"0";"0";"0";"0";"0";
"331";"PUDING SORTA";"Ђ";"1";"1";"30.00";"0";"0";"0";"0";"0";"0";"0";"0";
"332";"SLAG KREM 100";"Ђ";"1";"1";"100.00";"0";"0";"0";"0";"0";"0";"0";"0";
"333";"CAJ HIBISKUS";"Ђ";"1";"1";"65.00";"0";"0";"0";"0";"0";"0";"0";"0";
"334";"CAJ VOCNI";"Ђ";"1";"1";"60.00";"0";"0";"0";"0";"0";"0";"0";"0";
"335";"CAJ NANA";"Ђ";"1";"1";"55.00";"0";"0";"0";"0";"0";"0";"0";"0";
"336";"CAJ KAMILICA";"Ђ";"1";"1";"55.00";"0";"0";"0";"0";"0";"0";"0";"0";
"337";"RATLUK 400 ORAH";"Ђ";"1";"1";"150.00";"0";"0";"0";"0";"0";"0";"0";"0";
"338";"RATLUK 200 ORAH";"Ђ";"1";"1";"85.00";"0";"0";"0";"0";"0";"0";"0";"0";
"339";"RATLUK 100 RUZA";"Ђ";"1";"1";"50.00";"0";"0";"0";"0";"0";"0";"0";"0";
"340";"ZELE BOMBONE 200";"Ђ";"1";"1";"100.00";"0";"0";"0";"0";"0";"0";"0";"0";
"341";"KREM AMORETI DUO 1KG";"Ђ";"1";"1";"600.00";"0";"0";"0";"0";"0";"0";"0";"0";
"342";"KREM EMI 700";"Ђ";"1";"1";"240.00";"0";"0";"0";"0";"0";"0";"0";"0";
"343";"NO PROBLEM 0,040";"Ђ";"1";"1";"65.00";"0";"0";"0";"0";"0";"0";"0";"0";
"344";"BOMBONE MENTOL 200";"Ђ";"1";"1";"120.00";"0";"0";"0";"0";"0";"0";"0";"0";
"345";"BOMBONE BIM BOM 200";"Ђ";"1";"1";"120.00";"0";"0";"0";"0";"0";"0";"0";"0";
"346";"GUMENE BOMBONE 100";"Ђ";"1";"1";"85.00";"0";"0";"0";"0";"0";"0";"0";"0";
"347";"NEGRO BOMBONE PIONIR 80";"Ђ";"1";"1";"100.00";"0";"0";"0";"0";"0";"0";"0";"0";
"348";"LESNIK BOMBONE PIONIR 80";"Ђ";"1";"1";"110.00";"0";"0";"0";"0";"0";"0";"0";"0";
"349";"MILKI DRIM BOMBONE 80";"Ђ";"1";"1";"75.00";"0";"0";"0";"0";"0";"0";"0";"0";
"350";"BELA MENTA 100 EVROPA";"Ђ";"1";"1";"60.00";"0";"0";"0";"0";"0";"0";"0";"0";
"351";"BG BOMBONE MIX 80";"Ђ";"1";"1";"40.00";"0";"0";"0";"0";"0";"0";"0";"0";
"352";"KIKIRIKI RINFUZ";"Ђ";"1";"1";"500.00";"0";"0";"0";"0";"0";"0";"0";"0";
"353";"COKOLADA MENAZ 100";"Ђ";"1";"1";"235.00";"0";"0";"0";"0";"0";"0";"0";"0";
"354";"KIKIRIKI PRZENI 250";"Ђ";"1";"1";"165.00";"0";"0";"0";"0";"0";"0";"0";"0";
"355";"KIKIRIKI 100";"Ђ";"1";"1";"55.00";"0";"0";"0";"0";"0";"0";"0";"0";
"356";"JELOPI ZELE BOMBONE";"Ђ";"1";"1";"25.00";"0";"0";"0";"0";"0";"0";"0";"0";
"357";"MANCMALOW 105";"Ђ";"1";"1";"100.00";"0";"0";"0";"0";"0";"0";"0";"0";
"358";"BEJK ROLS";"Ђ";"1";"1";"100.00";"0";"0";"0";"0";"0";"0";"0";"0";
"359";"OKI BOKI SMOKI IGRACKA";"Ђ";"1";"1";"150.00";"0";"0";"0";"0";"0";"0";"0";"0";
"360";"ORBIT SORTA";"Ђ";"1";"1";"70.00";"0";"0";"0";"0";"0";"0";"0";"0";
"361";"STOBI FLIPS 150";"Ђ";"1";"1";"120.00";"0";"0";"0";"0";"0";"0";"0";"0";
"362";"STOBI FLIPS 50";"Ђ";"1";"1";"45.00";"0";"0";"0";"0";"0";"0";"0";"0";
"363";"FLIPS STARK 250";"Ђ";"1";"1";"200.00";"0";"0";"0";"0";"0";"0";"0";"0";
"364";"FLIPS STARK 50";"Ђ";"1";"1";"50.00";"0";"0";"0";"0";"0";"0";"0";"0";
"365";"COKO SMOKI STARK";"Ђ";"1";"1";"95.00";"0";"0";"0";"0";"0";"0";"0";"0";
"366";"PUNJENI STAPICI 100";"Ђ";"1";"1";"75.00";"0";"0";"0";"0";"0";"0";"0";"0";
"367";"PUNJENI STAPICI 40";"Ђ";"1";"1";"35.00";"0";"0";"0";"0";"0";"0";"0";"0";
"368";"SLANI STAPICI 40";"Ђ";"1";"1";"25.00";"0";"0";"0";"0";"0";"0";"0";"0";
"369";"SUSAM STAPICI 50";"Ђ";"1";"1";"40.00";"0";"0";"0";"0";"0";"0";"0";"0";
"370";"CIPS KLASIK XXL";"Ђ";"1";"1";"250.00";"0";"0";"0";"0";"0";"0";"0";"0";
"371";"CIPS KLASIK XL";"Ђ";"1";"1";"125.00";"0";"0";"0";"0";"0";"0";"0";"0";
"372";"CIPS KLASIK 60";"Ђ";"1";"1";"100.00";"0";"0";"0";"0";"0";"0";"0";"0";
"373";"CIPS TZATZIKI 60";"Ђ";"1";"1";"100.00";"0";"0";"0";"0";"0";"0";"0";"0";
"374";"CIPS KECAP 60";"Ђ";"1";"1";"100.00";"0";"0";"0";"0";"0";"0";"0";"0";
"375";"KLIPSI MIX 50";"Ђ";"1";"1";"85.00";"0";"0";"0";"0";"0";"0";"0";"0";
"376";"TRIK PERECA 90";"Ђ";"1";"1";"50.00";"0";"0";"0";"0";"0";"0";"0";"0";
"377";"TRIK RIBICE 90";"Ђ";"1";"1";"50.00";"0";"0";"0";"0";"0";"0";"0";"0";
"378";"TRIK MIX 300";"Ђ";"1";"1";"150.00";"0";"0";"0";"0";"0";"0";"0";"0";
"379";"HELLO STAPICI 220 SL";"Ђ";"1";"1";"85.00";"0";"0";"0";"0";"0";"0";"0";"0";
"380";"KROASAN DOLCE VITA";"Ђ";"1";"1";"40.00";"0";"0";"0";"0";"0";"0";"0";"0";
"381";"KROASAN 7 DAYS";"Ђ";"1";"1";"75.00";"0";"0";"0";"0";"0";"0";"0";"0";
"382";"KROASAN MINI 7 DAYS";"Ђ";"1";"1";"100.00";"0";"0";"0";"0";"0";"0";"0";"0";
"383";"MOJA KAFICA 3U1";"Ђ";"1";"1";"12.00";"0";"0";"0";"0";"0";"0";"0";"0";
"384";"MOJA KAFICA 2U1";"Ђ";"1";"1";"12.00";"0";"0";"0";"0";"0";"0";"0";"0";
"385";"NES KAFA 3U1";"Ђ";"1";"1";"25.00";"0";"0";"0";"0";"0";"0";"0";"0";
"386";"NES KAFA 2U1";"Ђ";"1";"1";"25.00";"0";"0";"0";"0";"0";"0";"0";"0";
"387";"GRAND KAFA 100";"Ђ";"1";"1";"230.00";"0";"0";"0";"0";"0";"0";"0";"0";
"388";"VITEZ KAFA 100П.J";"Ђ";"1";"1";"175.00";"0";"0";"0";"0";"0";"0";"0";"0";
"389";"MOJA KAFICA 100";"Ђ";"1";"1";"175.00";"0";"0";"0";"0";"0";"0";"0";"0";
"390";"ZLATNO ZVONO 100";"Ђ";"1";"1";"175.00";"0";"0";"0";"0";"0";"0";"0";"0";
"391";"BONITO KAFA 100";"Ђ";"1";"1";"200.00";"0";"0";"0";"0";"0";"0";"0";"0";
"392";"KOSTANA KAFA 100";"Ђ";"1";"1";"175.00";"0";"0";"0";"0";"0";"0";"0";"0";
"393";"ZLATNA C KAFA 100";"Ђ";"1";"1";"175.00";"0";"0";"0";"0";"0";"0";"0";"0";
"394";"C KAFA 100";"Ђ";"1";"1";"175.00";"0";"0";"0";"0";"0";"0";"0";"0";
"395";"DONKAFA MOMENT 100";"Ђ";"1";"1";"200.00";"0";"0";"0";"0";"0";"0";"0";"0";
"396";"DONKAFA MINAS 100";"Ђ";"1";"1";"190.00";"0";"0";"0";"0";"0";"0";"0";"0";
"397";"DONKAFA MOMENT 200";"Ђ";"1";"1";"450.00";"0";"0";"0";"0";"0";"0";"0";"0";
"398";"MOJA KAFICA 200";"Ђ";"1";"1";"350.00";"0";"0";"0";"0";"0";"0";"0";"0";
"399";"KAFA C LIMENKA";"Ђ";"1";"1";"390.00";"0";"0";"0";"0";"0";"0";"0";"0";
"400";"DONKAFA SA CASOM";"Ђ";"1";"1";"900.00";"0";"0";"0";"0";"0";"0";"0";"0";
"401";"BANANE";"Е";"1";"1";"190.00";"0";"0";"0";"0";"0";"0";"0";"0";
"402";"POMORANDZE";"Е";"1";"1";"100.00";"0";"0";"0";"0";"0";"0";"0";"0";
"403";"MANDARINE";"Е";"1";"1";"190.00";"0";"0";"0";"0";"0";"0";"0";"0";
"404";"LIMUN";"Е";"1";"1";"150.00";"0";"0";"0";"0";"0";"0";"0";"0";
"405";"KIVI KORPA";"Е";"1";"1";"180.00";"0";"0";"0";"0";"0";"0";"0";"0";
"406";"JABUKA";"Е";"1";"1";"100.00";"0";"0";"0";"0";"0";"0";"0";"0";
"407";"NAR";"Е";"1";"1";"190.00";"0";"0";"0";"0";"0";"0";"0";"0";
"408";"LUBENICE";"Е";"1";"1";"50.00";"0";"0";"0";"0";"0";"0";"0";"0";
"409";"KUPUS";"Е";"1";"1";"120.00";"0";"0";"0";"0";"0";"0";"0";"0";
"410";"PARADAJZ";"Е";"1";"1";"200.00";"0";"0";"0";"0";"0";"0";"0";"0";
"411";"PAPRIKA";"Е";"1";"1";"180.00";"0";"0";"0";"0";"0";"0";"0";"0";
"412";"LJUTA PAPRIKA";"Е";"1";"1";"30.00";"0";"0";"0";"0";"0";"0";"0";"0";
"413";"CRNI LUK";"Е";"1";"1";"80.00";"0";"0";"0";"0";"0";"0";"0";"0";
"414";"BELI LUK";"Е";"1";"1";"140.00";"0";"0";"0";"0";"0";"0";"0";"0";
"415";"SARGAREPA";"Е";"1";"1";"85.00";"0";"0";"0";"0";"0";"0";"0";"0";
"416";"KROMPIR";"Е";"1";"1";"80.00";"0";"0";"0";"0";"0";"0";"0";"0";
"417";"KRASTAVAC";"Е";"1";"1";"120.00";"0";"0";"0";"0";"0";"0";"0";"0";
"418";"BRESKVA";"Е";"1";"1";"150.00";"0";"0";"0";"0";"0";"0";"0";"0";
"419";"GROZDJE";"Е";"1";"1";"160.00";"0";"0";"0";"0";"0";"0";"0";"0";
"420";"SUVA SLJIVA RFZ";"Ђ";"1";"1";"500.00";"0";"0";"0";"0";"0";"0";"0";"0";
"421";"SUVA SMOKVA 200";"Ђ";"1";"1";"180.00";"0";"0";"0";"0";"0";"0";"0";"0";
"422";"URME 200";"Е";"1";"1";"85.00";"0";"0";"0";"0";"0";"0";"0";"0";
"423";"CUMUR ZA ROSTILJ";"Ђ";"1";"1";"360.00";"0";"0";"0";"0";"0";"0";"0";"0";
"424";"LAVOR VECI";"Ђ";"1";"1";"250.00";"0";"0";"0";"0";"0";"0";"0";"0";
"425";"VANGLA VECA";"Ђ";"1";"1";"290.00";"0";"0";"0";"0";"0";"0";"0";"0";
"426";"VANGLA MANJA";"Ђ";"1";"1";"190.00";"0";"0";"0";"0";"0";"0";"0";"0";
"427";"METLA PLASTICNA DRSKA";"Ђ";"1";"1";"425.00";"0";"0";"0";"0";"0";"0";"0";"0";
"428";"METLA DRVENA DRSKA";"Ђ";"1";"1";"600.00";"0";"0";"0";"0";"0";"0";"0";"0";
"429";"METLA OBICNA";"Ђ";"1";"1";"500.00";"0";"0";"0";"0";"0";"0";"0";"0";
"430";"DJUBROVNIK PLASTICNI";"Ђ";"1";"1";"75.00";"0";"0";"0";"0";"0";"0";"0";"0";
"431";"KOFA 10L";"Ђ";"1";"1";"390.00";"0";"0";"0";"0";"0";"0";"0";"0";
"432";"KOFA 7L";"Ђ";"1";"1";"160.00";"0";"0";"0";"0";"0";"0";"0";"0";
"433";"MERIX PRASAK 8 KG";"Ђ";"1";"1";"875.00";"0";"0";"0";"0";"0";"0";"0";"0";
"434";"DUEL PRASAK 11KG";"Ђ";"1";"1";"1690.00";"0";"0";"0";"0";"0";"0";"0";"0";
"435";"DUEL PRASAK 3KG";"Ђ";"1";"1";"525.00";"0";"0";"0";"0";"0";"0";"0";"0";
"436";"RUBEL PRASAK 12KG";"Ђ";"1";"1";"1150.00";"0";"0";"0";"0";"0";"0";"0";"0";
"437";"RUBEL PRASAK 3 KG";"Ђ";"1";"1";"480.00";"0";"0";"0";"0";"0";"0";"0";"0";
"438";"PERSIL PRASAK 4KG";"Ђ";"1";"1";"650.00";"0";"0";"0";"0";"0";"0";"0";"0";
"439";"KOSMO PRASAK 8KG";"Ђ";"1";"1";"800.00";"0";"0";"0";"0";"0";"0";"0";"0";
"440";"ARIEL GEL KAPSULE";"Ђ";"1";"1";"40.00";"0";"0";"0";"0";"0";"0";"0";"0";
"441";"MERIX KUTIJA 400";"Ђ";"1";"1";"140.00";"0";"0";"0";"0";"0";"0";"0";"0";
"442";"LENOR OMEKSIVAC";"Ђ";"1";"1";"530.00";"0";"0";"0";"0";"0";"0";"0";"0";
"443";"DUEL OMEKSIVAC";"Ђ";"1";"1";"450.00";"0";"0";"0";"0";"0";"0";"0";"0";
"444";"LAVELO OMEKSIVAC";"Ђ";"1";"1";"240.00";"0";"0";"0";"0";"0";"0";"0";"0";
"445";"MALICIJA OMEKSIVAC";"Ђ";"1";"1";"300.00";"0";"0";"0";"0";"0";"0";"0";"0";
"446";"PERVOL TECNI PRASAK";"Ђ";"1";"1";"425.00";"0";"0";"0";"0";"0";"0";"0";"0";
"447";"TOALET VELVET 12 KOM";"Ђ";"1";"1";"490.00";"0";"0";"0";"0";"0";"0";"0";"0";
"448";"TOALET EKSKLUZIV 4KOM";"Ђ";"1";"1";"260.00";"0";"0";"0";"0";"0";"0";"0";"0";
"449";"TOALET KAMELIJA 6 KOM";"Ђ";"1";"1";"280.00";"0";"0";"0";"0";"0";"0";"0";"0";
"450";"TOALET DONA SOFT 8+2";"Ђ";"1";"1";"165.00";"0";"0";"0";"0";"0";"0";"0";"0";
"451";"TOALET KAMELIJA 1 ROLNA";"Ђ";"1";"1";"60.00";"0";"0";"0";"0";"0";"0";"0";"0";
"452";"SALVETA VECA";"Ђ";"1";"1";"90.00";"0";"0";"0";"0";"0";"0";"0";"0";
"453";"SALVETA 50 KOM";"Ђ";"1";"1";"60.00";"0";"0";"0";"0";"0";"0";"0";"0";
"454";"SALVETA 40";"Ђ";"1";"1";"50.00";"0";"0";"0";"0";"0";"0";"0";"0";
"455";"LIBRES GUD NIGHT ULOSCI";"Ђ";"1";"1";"240.00";"0";"0";"0";"0";"0";"0";"0";"0";
"456";"KLEA ULOSCI 10";"Ђ";"1";"1";"125.00";"0";"0";"0";"0";"0";"0";"0";"0";
"457";"BONY JUP 10";"Ђ";"1";"1";"120.00";"0";"0";"0";"0";"0";"0";"0";"0";
"458";"VATA 100";"Ђ";"1";"1";"170.00";"0";"0";"0";"0";"0";"0";"0";"0";
"459";"TOALET LISTIC";"Ђ";"1";"1";"20.00";"0";"0";"0";"0";"0";"0";"0";"0";
"460";"UBRUS";"Ђ";"1";"1";"240.00";"0";"0";"0";"0";"0";"0";"0";"0";
"461";"UBRUS MEGA 2KOM";"Ђ";"1";"1";"330.00";"0";"0";"0";"0";"0";"0";"0";"0";
"462";"PAPIRNE MARAMICE";"Ђ";"1";"1";"13.00";"0";"0";"0";"0";"0";"0";"0";"0";
"463";"VLAZNE MARAMICE VECE";"Ђ";"1";"1";"170.00";"0";"0";"0";"0";"0";"0";"0";"0";
"464";"VLAZNE MARAMICE 10";"Ђ";"1";"1";"30.00";"0";"0";"0";"0";"0";"0";"0";"0";
"465";"TRULEX KRPA";"Ђ";"1";"1";"65.00";"0";"0";"0";"0";"0";"0";"0";"0";
"466";"SUNDJERI 2KOM";"Ђ";"1";"1";"45.00";"0";"0";"0";"0";"0";"0";"0";"0";
"467";"ZICA ZA SUDJE 2KOM";"Ђ";"1";"1";"70.00";"0";"0";"0";"0";"0";"0";"0";"0";
"468";"RUKAVICE GUMENE";"Ђ";"1";"1";"120.00";"0";"0";"0";"0";"0";"0";"0";"0";
"469";"BREF ZA WC SOLJU";"Ђ";"1";"1";"320.00";"0";"0";"0";"0";"0";"0";"0";"0";
"470";"KESE ZA PECENJE 5KOM";"Ђ";"1";"1";"100.00";"0";"0";"0";"0";"0";"0";"0";"0";
"471";"PASTA ZA ZUBE";"Ђ";"1";"1";"135.00";"0";"0";"0";"0";"0";"0";"0";"0";
"472";"PASTA ZA BRIJANJE";"Ђ";"1";"1";"200.00";"0";"0";"0";"0";"0";"0";"0";"0";
"473";"STAPICI ZA USI";"Ђ";"1";"1";"70.00";"0";"0";"0";"0";"0";"0";"0";"0";
"474";"STIPALJKE ZA VES";"Ђ";"1";"1";"135.00";"0";"0";"0";"0";"0";"0";"0";"0";
"475";"LABELO STIK";"Ђ";"1";"1";"135.00";"0";"0";"0";"0";"0";"0";"0";"0";
"476";"ACETON";"Ђ";"1";"1";"135.00";"0";"0";"0";"0";"0";"0";"0";"0";
"477";"ULJE ZA KOSU";"Ђ";"1";"1";"190.00";"0";"0";"0";"0";"0";"0";"0";"0";
"478";"SJAJ ZA CUNKE";"Ђ";"1";"1";"170.00";"0";"0";"0";"0";"0";"0";"0";"0";
"479";"NIVEA KREMA";"Ђ";"1";"1";"260.00";"0";"0";"0";"0";"0";"0";"0";"0";
"480";"SOLEA KREMA";"Ђ";"1";"1";"240.00";"0";"0";"0";"0";"0";"0";"0";"0";
"481";"LOSION POSLE BRIJANJA";"Ђ";"1";"1";"190.00";"0";"0";"0";"0";"0";"0";"0";"0";
"482";"ELIOT LOSION";"Ђ";"1";"1";"190.00";"0";"0";"0";"0";"0";"0";"0";"0";
"483";"GLICERINSKA KREMA";"Ђ";"1";"1";"220.00";"0";"0";"0";"0";"0";"0";"0";"0";
"484";"RAJMAX BAT R6 ALKALNE";"Ђ";"1";"1";"65.00";"0";"0";"0";"0";"0";"0";"0";"0";
"485";"RAJMAX BAT R3 ALKALNE";"Ђ";"1";"1";"65.00";"0";"0";"0";"0";"0";"0";"0";"0";
"486";"SAPUN";"Ђ";"1";"1";"60.00";"0";"0";"0";"0";"0";"0";"0";"0";
"487";"SAPUN DECJI";"Ђ";"1";"1";"95.00";"0";"0";"0";"0";"0";"0";"0";"0";
"488";"DOVE SAPUN";"Ђ";"1";"1";"125.00";"0";"0";"0";"0";"0";"0";"0";"0";
"489";"NENSI SAPUN";"Ђ";"1";"1";"100.00";"0";"0";"0";"0";"0";"0";"0";"0";
"490";"TECNI SAPUN SA PUMPOM";"Ђ";"1";"1";"130.00";"0";"0";"0";"0";"0";"0";"0";"0";
"491";"MERIX SAPUN ZA PRANJE";"Ђ";"1";"1";"230.00";"0";"0";"0";"0";"0";"0";"0";"0";
"492";"DEZODORANS ZENSKI";"Ђ";"1";"1";"220.00";"0";"0";"0";"0";"0";"0";"0";"0";
"493";"DEZODORANS MUSKI";"Ђ";"1";"1";"220.00";"0";"0";"0";"0";"0";"0";"0";"0";
"494";"NIVEA DEO SPREJ";"Ђ";"1";"1";"400.00";"0";"0";"0";"0";"0";"0";"0";"0";
"495";"NIVEA STIK ROLO";"Ђ";"1";"1";"365.00";"0";"0";"0";"0";"0";"0";"0";"0";
"496";"OSVEZIVAD DOPUNA";"Ђ";"1";"1";"220.00";"0";"0";"0";"0";"0";"0";"0";"0";
"497";"OSVEZIVAC PROSTORIJA";"Ђ";"1";"1";"150.00";"0";"0";"0";"0";"0";"0";"0";"0";
"498";"SELOTEJP VECI";"Ђ";"1";"1";"100.00";"0";"0";"0";"0";"0";"0";"0";"0";
"499";"SELOTEJP MALI";"Ђ";"1";"1";"15.00";"0";"0";"0";"0";"0";"0";"0";"0";
"500";"IZOLIR TRAKA";"Ђ";"1";"1";"100.00";"0";"0";"0";"0";"0";"0";"0";"0";
"501";"PEK PAPIR";"Ђ";"1";"1";"80.00";"0";"0";"0";"0";"0";"0";"0";"0";
"502";"ALU FOLIJA";"Ђ";"1";"1";"100.00";"0";"0";"0";"0";"0";"0";"0";"0";
"503";"STREC FOLIJA";"Ђ";"1";"1";"60.00";"0";"0";"0";"0";"0";"0";"0";"0";
"504";"KESE ZA ZAMRZIVAC";"Ђ";"1";"1";"35.00";"0";"0";"0";"0";"0";"0";"0";"0";
"505";"VERSKE SVECE MALE";"Ђ";"1";"1";"4.00";"0";"0";"0";"0";"0";"0";"0";"0";
"506";"VERSKE SVECE VECE";"Ђ";"1";"1";"30.00";"0";"0";"0";"0";"0";"0";"0";"0";
"507";"BELE SVECE";"Ђ";"1";"1";"40.00";"0";"0";"0";"0";"0";"0";"0";"0";
"508";"REGULO SPREJ ZA STAKLO";"Ђ";"1";"1";"175.00";"0";"0";"0";"0";"0";"0";"0";"0";
"509";"SPREJ ZA STAKLO";"Ђ";"1";"1";"150.00";"0";"0";"0";"0";"0";"0";"0";"0";
"510";"DOMESTOS";"Ђ";"1";"1";"200.00";"0";"0";"0";"0";"0";"0";"0";"0";
"511";"CIF";"Ђ";"1";"1";"200.00";"0";"0";"0";"0";"0";"0";"0";"0";
"512";"SONA KISELINA 1L";"Ђ";"1";"1";"160.00";"0";"0";"0";"0";"0";"0";"0";"0";
"513";"AXEL SA PUMPICOM 750ML";"Ђ";"1";"1";"345.00";"0";"0";"0";"0";"0";"0";"0";"0";
"514";"FERI 800ML";"Ђ";"1";"1";"300.00";"0";"0";"0";"0";"0";"0";"0";"0";
"515";"FERI 450ML";"Ђ";"1";"1";"190.00";"0";"0";"0";"0";"0";"0";"0";"0";
"516";"SAMPON PALMOLIVE 350ML";"Ђ";"1";"1";"200.00";"0";"0";"0";"0";"0";"0";"0";"0";
"517";"SAMPON VAS&GO 500";"Ђ";"1";"1";"450.00";"0";"0";"0";"0";"0";"0";"0";"0";
"518";"SAMPON KOPRIVA 1L";"Ђ";"1";"1";"145.00";"0";"0";"0";"0";"0";"0";"0";"0";
"519";"BUM SPREJ ZA INSEKTE";"Ђ";"1";"1";"190.00";"0";"0";"0";"0";"0";"0";"0";"0";
"520";"JOKER SPREJ";"Ђ";"1";"1";"140.00";"0";"0";"0";"0";"0";"0";"0";"0";
"521";"HIP VIM 500";"Ђ";"1";"1";"170.00";"0";"0";"0";"0";"0";"0";"0";"0";
"522";"VAJGON INSEKTICID";"Ђ";"1";"1";"390.00";"0";"0";"0";"0";"0";"0";"0";"0";
"523";"TANJIRI PAPIRNATI";"Ђ";"1";"1";"120.00";"0";"0";"0";"0";"0";"0";"0";"0";
"524";"SUPRE LEPAK 3G";"Ђ";"1";"1";"30.00";"0";"0";"0";"0";"0";"0";"0";"0";
"525";"HEMIJSKE OLOVKE";"Ђ";"1";"1";"20.00";"0";"0";"0";"0";"0";"0";"0";"0";
"526";"BIC BRIJACI 1 NOZIC";"Ђ";"1";"1";"45.00";"0";"0";"0";"0";"0";"0";"0";"0";
"527";"BIC BRIJAC 3 NOZICA";"Ђ";"1";"1";"140.00";"0";"0";"0";"0";"0";"0";"0";"0";
"528";"BIC ZILETI 5 KOM";"Ђ";"1";"1";"140.00";"0";"0";"0";"0";"0";"0";"0";"0";
"529";"CETKICA ZA ZUBE";"Ђ";"1";"1";"150.00";"0";"0";"0";"0";"0";"0";"0";"0";
"530";"POKLOPCI ZA TEGLE";"Ђ";"1";"1";"12.00";"0";"0";"0";"0";"0";"0";"0";"0";
"531";"TEGLA STAKLO";"Ђ";"1";"1";"55.00";"0";"0";"0";"0";"0";"0";"0";"0";
"532";"REZANAC REPIN";"Ђ";"1";"1";"1900.00";"0";"0";"0";"0";"0";"0";"0";"0";
"533";"PSENICA";"Е";"1";"1";"1700.00";"0";"0";"0";"0";"0";"0";"0";"0";
"534";"KUKURUZ U ZRNU";"Е";"1";"1";"1600.00";"0";"0";"0";"0";"0";"0";"0";"0";
"535";"BRASNO T -400";"Е";"1";"1";"1600.00";"0";"0";"0";"0";"0";"0";"0";"0";
"536";"BRASNO T-850";"Е";"1";"1";"1250.00";"0";"0";"0";"0";"0";"0";"0";"0";
"537";"STOCNO BRASNO 30/1";"Ђ";"1";"1";"1100.00";"0";"0";"0";"0";"0";"0";"0";"0";
"538";"PREKRUPA 40/1";"Ђ";"1";"1";"1950.00";"0";"0";"0";"0";"0";"0";"0";"0";
"539";"KONCENTRAT";"Ђ";"1";"1";"1850.00";"0";"0";"0";"0";"0";"0";"0";"0";
"540";"HLEB T-500";"Е";"1";"1";"75.00";"0";"0";"0";"0";"0";"0";"0";"0";
"541";"MILKA COKO STIK";"Ђ";"1";"1";"200.00";"0";"0";"0";"0";"0";"0";"0";"0";
"542";"MILKA COKO MINI";"Ђ";"1";"1";"200.00";"0";"0";"0";"0";"0";"0";"0";"0";
"543";"SARDINA U ULU SORTA";"Ђ";"1";"1";"100.00";"0";"0";"0";"0";"0";"0";"0";"0";
"544";"BRASNI 5/1";"Е";"1";"1";"450.00";"0";"0";"0";"0";"0";"0";"0";"0";
"545";"BRASNO T-400 1/1";"Е";"1";"1";"85.00";"0";"0";"0";"0";"0";"0";"0";"0";
"546";"PASILJ GRADISTANAC";"Е";"1";"1";"350.00";"0";"0";"0";"0";"0";"0";"0";"0";
"547";"LA VITA 2/1";"Ђ";"1";"1";"150.00";"0";"0";"0";"0";"0";"0";"0";"0";
"548";"MILKA OREO 100";"Ђ";"1";"1";"150.00";"0";"0";"0";"0";"0";"0";"0";"0";
"549";"MILKA JAGODA 100";"Ђ";"1";"1";"150.00";"0";"0";"0";"0";"0";"0";"0";"0";
"550";"KOMPRIMAT PEPERMINT";"Ђ";"1";"1";"35.00";"0";"0";"0";"0";"0";"0";"0";"0";
"551";"MAK ALPSKA";"Ђ";"1";"1";"725.00";"0";"0";"0";"0";"0";"0";"0";"0";
"552";"PLINSKA BOCA";"Ђ";"1";"1";"120.00";"0";"0";"0";"0";"0";"0";"0";"0";
"553";"FLAMAT ZA POTPALU";"Ђ";"1";"1";"100.00";"0";"0";"0";"0";"0";"0";"0";"0";
"554";"JOCIN MEDENJAK";"Ђ";"1";"1";"195.00";"0";"0";"0";"0";"0";"0";"0";"0";
"555";"NESKVIK INSTANT";"Ђ";"1";"1";"260.00";"0";"0";"0";"0";"0";"0";"0";"0";
"556";"VAFEL KOCKA 1KG";"Ђ";"1";"1";"390.00";"0";"0";"0";"0";"0";"0";"0";"0";
"557";"KREM TECNI GOLD 0,900";"Ђ";"1";"1";"400.00";"0";"0";"0";"0";"0";"0";"0";"0";
"558";"SUVA KAJSIJA 200";"Ђ";"1";"1";"170.00";"0";"0";"0";"0";"0";"0";"0";"0";
"559";"CEDEVITA 0,200";"Ђ";"1";"1";"260.00";"0";"0";"0";"0";"0";"0";"0";"0";
"560";"GRAND GOLD+ČAŠA";"Ђ";"1";"1";"850.00";"0";"0";"0";"0";"0";"0";"0";"0";
"561";"MULTIVITA TABLETE ŠUMEĆE";"Ђ";"1";"1";"250.00";"0";"0";"0";"0";"0";"0";"0";"0";
"562";"REMIKS KNJAZ 1,5 L";"Ђ";"1";"1";"150.00";"0";"0";"0";"0";"0";"0";"0";"0";
"563";"REMIKS KNJAZ 0,500";"Ђ";"1";"1";"85.00";"0";"0";"0";"0";"0";"0";"0";"0";
"564";"TUBE SOK 0,500";"Ђ";"1";"1";"95.00";"0";"0";"0";"0";"0";"0";"0";"0";
"565";"VINO ZDREBAC CRNO 1L";"Ђ";"1";"1";"290.00";"0";"0";"0";"0";"0";"0";"0";"0";
"566";"VINO BELO ZDREBAC 1L";"Ђ";"1";"1";"290.00";"0";"0";"0";"0";"0";"0";"0";"0";
"567";"VOĆNE KAPI 2/1";"Ђ";"1";"1";"170.00";"0";"0";"0";"0";"0";"0";"0";"0";
"568";"VODA VODA 1/1";"Ђ";"1";"1";"55.00";"0";"0";"0";"0";"0";"0";"0";"0";
"569";"SUVA NJEGUSKA PECENICA";"Ђ";"1";"1";"1760.00";"0";"0";"0";"0";"0";"0";"0";"0";
"570";"DOMACI CVARCI 200";"Ђ";"1";"1";"350.00";"0";"0";"0";"0";"0";"0";"0";"0";
"571";"ČIPS ĆTAPIĆI 0,080";"Ђ";"1";"1";"145.00";"0";"0";"0";"0";"0";"0";"0";"0";
"572";"MOJA PILECA I SPECIJAL";"Ђ";"1";"1";"130.00";"0";"0";"0";"0";"0";"0";"0";"0";
"573";"GUDI KOBASICA 300";"Ђ";"1";"1";"200.00";"0";"0";"0";"0";"0";"0";"0";"0";
"574";"PILECE GRUDI NEOPLANTA";"Ђ";"1";"1";"360.00";"0";"0";"0";"0";"0";"0";"0";"0";
"575";"STISNJENA SUNKA NEOPLANTA";"Ђ";"1";"1";"400.00";"0";"0";"0";"0";"0";"0";"0";"0";
"576";"SLADOLED VARIADJATO";"Ђ";"1";"1";"429.00";"0";"0";"0";"0";"0";"0";"0";"0";
"577";"SLADOLED POLAR";"Ђ";"1";"1";"520.00";"0";"0";"0";"0";"0";"0";"0";"0";
"578";"KUL SLADOLEDI";"Ђ";"1";"1";"50.00";"0";"0";"0";"0";"0";"0";"0";"0";
"579";"MILK TETH";"Ђ";"1";"1";"60.00";"0";"0";"0";"0";"0";"0";"0";"0";
"580";"ČUNGA LUNGA";"Ђ";"1";"1";"70.00";"0";"0";"0";"0";"0";"0";"0";"0";
"581";"ČOKO PELISTER";"Ђ";"1";"1";"80.00";"0";"0";"0";"0";"0";"0";"0";"0";
"582";"STRAĆATELA";"Ђ";"1";"1";"80.00";"0";"0";"0";"0";"0";"0";"0";"0";
"583";"ČOKO STAR";"Ђ";"1";"1";"80.00";"0";"0";"0";"0";"0";"0";"0";"0";
"584";"METROPOLI RIO";"Ђ";"1";"1";"130.00";"0";"0";"0";"0";"0";"0";"0";"0";
"585";"METROPOLI BERLIN";"Ђ";"1";"1";"130.00";"0";"0";"0";"0";"0";"0";"0";"0";
"586";"METROPOLI LONDON";"Ђ";"1";"1";"130.00";"0";"0";"0";"0";"0";"0";"0";"0";
"587";"SNIKERS SLADOLED";"Ђ";"1";"1";"150.00";"0";"0";"0";"0";"0";"0";"0";"0";
"588";"IMPERIJAL ČOKO";"Ђ";"1";"1";"130.00";"0";"0";"0";"0";"0";"0";"0";"0";
"589";"METROPOLI TRIPL VANILA";"Ђ";"1";"1";"200.00";"0";"0";"0";"0";"0";"0";"0";"0";
"590";"METROPOLI TRIPL GOLD";"Ђ";"1";"1";"200.00";"0";"0";"0";"0";"0";"0";"0";"0";
"591";"TORNADO VANILA";"Ђ";"1";"1";"230.00";"0";"0";"0";"0";"0";"0";"0";"0";
"592";"TORNADO ČOKO";"Ђ";"1";"1";"230.00";"0";"0";"0";"0";"0";"0";"0";"0";
"593";"VINO OPSESIJA 1L";"Ђ";"1";"1";"250.00";"0";"0";"0";"0";"0";"0";"0";"0";
"594";"METROPOLI GOLD PARIS";"Ђ";"1";"1";"190.00";"0";"0";"0";"0";"0";"0";"0";"0";
"595";"METROPOLI GOLD MONAKO";"Ђ";"1";"1";"190.00";"0";"0";"0";"0";"0";"0";"0";"0";
"596";"METROP GOLD MADAGASKAR";"Ђ";"1";"1";"190.00";"0";"0";"0";"0";"0";"0";"0";"0";
"597";"METROP GOLD L,ANDJELES";"Ђ";"1";"1";"190.00";"0";"0";"0";"0";"0";"0";"0";"0";
"598";"IMPERIJAL VANILA";"Ђ";"1";"1";"130.00";"0";"0";"0";"0";"0";"0";"0";"0";
"599";"NOVOSADSKA TRLIĆ";"Ђ";"1";"1";"800.00";"0";"0";"0";"0";"0";"0";"0";"0";
"600";"MAGNEZIJUM Š TABLETE";"Ђ";"1";"1";"180.00";"0";"0";"0";"0";"0";"0";"0";"0";
"601";"MARMELADA KAJSIJA 600";"Ђ";"1";"1";"200.00";"0";"0";"0";"0";"0";"0";"0";"0";
"602";"KREM NUTINO 500";"Ђ";"1";"1";"330.00";"0";"0";"0";"0";"0";"0";"0";"0";
"603";"MARLBORO RED";"Ђ";"1";"1";"460.00";"0";"0";"0";"0";"0";"0";"0";"0";
"604";"PARLAMENT";"Ђ";"1";"1";"340.00";"0";"0";"0";"0";"0";"0";"0";"0";
"605";"ROTMANS 23";"Ђ";"1";"1";"390.00";"0";"0";"0";"0";"0";"0";"0";"0";
"606";"KIKIRIKI PRZENI 250";"Ђ";"1";"1";"125.00";"0";"0";"0";"0";"0";"0";"0";"0";
"607";"ZAJEČARSKO 0,5 LIM";"Ђ";"1";"1";"100.00";"0";"0";"0";"0";"0";"0";"0";"0";
"608";"GRIC COKO JEZICI";"Ђ";"1";"1";"140.00";"0";"0";"0";"0";"0";"0";"0";"0";
"609";"EUROKREM ČINIJA 0,800";"Ђ";"1";"1";"675.00";"0";"0";"0";"0";"0";"0";"0";"0";
"610";"PAPRIKA TUCANA 0,100 CEKIĆ";"Ђ";"1";"1";"180.00";"0";"0";"0";"0";"0";"0";"0";"0";
"611";"SVINJSKA PEČENICA";"Ђ";"1";"1";"1200.00";"0";"0";"0";"0";"0";"0";"0";"0";
"612";"MORTADELA ĐOKIĆ";"Ђ";"1";"1";"600.00";"0";"0";"0";"0";"0";"0";"0";"0";
"613";"KOBASICA SA 3 VRSTE SIRA";"Ђ";"1";"1";"1000.00";"0";"0";"0";"0";"0";"0";"0";"0";
"614";"TANJIRI PLITKI";"Ђ";"1";"1";"150.00";"0";"0";"0";"0";"0";"0";"0";"0";
"615";"NATURELLA GOOD NIGHT";"Ђ";"1";"1";"300.00";"0";"0";"0";"0";"0";"0";"0";"0";
"616";"KEČAP 0,280";"Ђ";"1";"1";"120.00";"0";"0";"0";"0";"0";"0";"0";"0";
"617";"FANTA ŠOKATA 1,5L";"Ђ";"1";"1";"150.00";"0";"0";"0";"0";"0";"0";"0";"0";
"618";"FANTA ŠOKATA 0,5L";"Ђ";"1";"1";"95.00";"0";"0";"0";"0";"0";"0";"0";"0";
"619";"VOCNA DOLINA 1.5L";"Ђ";"1";"1";"170.00";"0";"0";"0";"0";"0";"0";"0";"0";
"620";"ZAJECARSKO LIMENKA 330";"Ђ";"1";"1";"75.00";"0";"0";"0";"0";"0";"0";"0";"0";
"621";"POVER GUM ZVAKA";"Ђ";"1";"1";"4.00";"0";"0";"0";"0";"0";"0";"0";"0";
"622";"ČOKOLADNO MLEKO 0,5 DUKAT";"Е";"1";"1";"125.00";"0";"0";"0";"0";"0";"0";"0";"0";
"623";"CIPS CILI 60";"Ђ";"1";"1";"100.00";"0";"0";"0";"0";"0";"0";"0";"0";
"624";"WELNES0.023";"Ђ";"1";"1";"50.00";"0";"0";"0";"0";"0";"0";"0";"0";
"625";"BRUSKETI MORETI";"Ђ";"1";"1";"85.00";"0";"0";"0";"0";"0";"0";"0";"0";
"626";"RUM KASATO";"Ђ";"1";"1";"80.00";"0";"0";"0";"0";"0";"0";"0";"0";
"627";"MVP KEKS 150";"Ђ";"1";"1";"100.00";"0";"0";"0";"0";"0";"0";"0";"0";
"628";"SLANINA VAKUM GURME";"Ђ";"1";"1";"1200.00";"0";"0";"0";"0";"0";"0";"0";"0";
"629";"MESNI NAREZAK 150 CARNEX";"Ђ";"1";"1";"170.00";"0";"0";"0";"0";"0";"0";"0";"0";
"630";"CARNEX PASULJ 400";"Ђ";"1";"1";"300.00";"0";"0";"0";"0";"0";"0";"0";"0";
"631";"BUCKO POSNI KEKS";"Ђ";"1";"1";"270.00";"0";"0";"0";"0";"0";"0";"0";"0";
"632";"DOMACICA MLECNI KEKS";"Ђ";"1";"1";"135.00";"0";"0";"0";"0";"0";"0";"0";"0";
"633";"NAPOLITANKA LINEA 90";"Ђ";"1";"1";"45.00";"0";"0";"0";"0";"0";"0";"0";"0";
"634";"BONI TOP TUBA";"Ђ";"1";"1";"40.00";"0";"0";"0";"0";"0";"0";"0";"0";
"635";"KREM EMI 400";"Ђ";"1";"1";"150.00";"0";"0";"0";"0";"0";"0";"0";"0";
"636";"JELEN 0,500 PB";"Ђ";"1";"1";"80.00";"0";"0";"0";"0";"0";"0";"0";"0";
"637";"KRUŠKE SVEZE";"Е";"1";"1";"180.00";"0";"0";"0";"0";"0";"0";"0";"0";
"638";"RIO JAFA 0,105";"Ђ";"1";"1";"80.00";"0";"0";"0";"0";"0";"0";"0";"0";
"639";"MESNI NAREZAK FARMER";"Ђ";"1";"1";"80.00";"0";"0";"0";"0";"0";"0";"0";"0";
"640";"UBRUS MEDA";"Ђ";"1";"1";"165.00";"0";"0";"0";"0";"0";"0";"0";"0";
"641";"KRANJSKA MAK";"Ђ";"1";"1";"625.00";"0";"0";"0";"0";"0";"0";"0";"0";
"642";"BUTKICA U OMOTU MAK";"Ђ";"1";"1";"625.00";"0";"0";"0";"0";"0";"0";"0";"0";
"643";"TAK KREKER";"Ђ";"1";"1";"70.00";"0";"0";"0";"0";"0";"0";"0";"0";
"644";"VITEZ SUNCOKRET";"Ђ";"1";"1";"40.00";"0";"0";"0";"0";"0";"0";"0";"0";
"645";"AMORETI ŠTRUDLA RINFUZ";"Ђ";"1";"1";"450.00";"0";"0";"0";"0";"0";"0";"0";"0";
"646";"IVA VODA 0,5";"Ђ";"1";"1";"35.00";"0";"0";"0";"0";"0";"0";"0";"0";
"647";"ALTINA UBRUS";"Ђ";"1";"1";"130.00";"0";"0";"0";"0";"0";"0";"0";"0";
"648";"PALMOLIVE SAPUN";"Ђ";"1";"1";"90.00";"0";"0";"0";"0";"0";"0";"0";"0";
"649";"DJUBROVNIK SA DRSKOM";"Ђ";"1";"1";"220.00";"0";"0";"0";"0";"0";"0";"0";"0";
"650";"ZVAKE FREŠ";"Ђ";"1";"1";"6.00";"0";"0";"0";"0";"0";"0";"0";"0";
"651";"WOW ZVAKE";"Ђ";"1";"1";"2.00";"0";"0";"0";"0";"0";"0";"0";"0";
"652";"ČAŠA PLASTIČNA";"Ђ";"1";"1";"2.00";"0";"0";"0";"0";"0";"0";"0";"0";
"653";"PECALJKA ZA MUVE";"Ђ";"1";"1";"30.00";"0";"0";"0";"0";"0";"0";"0";"0";
"654";"TRAKE ZA MUVE";"Ђ";"1";"1";"25.00";"0";"0";"0";"0";"0";"0";"0";"0";
"655";"BRAŠNO TIP 500 1/1";"Е";"1";"1";"85.00";"0";"0";"0";"0";"0";"0";"0";"0";
"656";"MLEKO FARMER 1L";"Е";"1";"1";"135.00";"0";"0";"0";"0";"0";"0";"0";"0";
"657";"SENDVIC SLADOLED";"Ђ";"1";"1";"120.00";"0";"0";"0";"0";"0";"0";"0";"0";
"658";"IZZI SLADOLED";"Ђ";"1";"1";"70.00";"0";"0";"0";"0";"0";"0";"0";"0";
"659";"GEL ZA KOSU";"Ђ";"1";"1";"200.00";"0";"0";"0";"0";"0";"0";"0";"0";
"660";"AJVAR BLAGI 0,680";"Ђ";"1";"1";"300.00";"0";"0";"0";"0";"0";"0";"0";"0";
"661";"AMORETI KRCKO 0,140";"Ђ";"1";"1";"100.00";"0";"0";"0";"0";"0";"0";"0";"0";
"662";"BLOK NAPOLITANKA LIMUN 0,400";"Ђ";"1";"1";"190.00";"0";"0";"0";"0";"0";"0";"0";"0";
"663";"KASIKA PLASTICNA 20/1";"Ђ";"1";"1";"80.00";"0";"0";"0";"0";"0";"0";"0";"0";
"664";"VILJUSKA PLASTICNA 20/1";"Ђ";"1";"1";"80.00";"0";"0";"0";"0";"0";"0";"0";"0";
"665";"KREM BANANICE SL";"Ђ";"1";"1";"30.00";"0";"0";"0";"0";"0";"0";"0";"0";
"666";"KINDER COKOLADICA 50";"Ђ";"1";"1";"90.00";"0";"0";"0";"0";"0";"0";"0";"0";
"667";"PLAZMA STIKS 30G";"Ђ";"1";"1";"70.00";"0";"0";"0";"0";"0";"0";"0";"0";
"668";"KREM BANANA MARTON 0,275";"Ђ";"1";"1";"145.00";"0";"0";"0";"0";"0";"0";"0";"0";
"669";"AMORETI VANILICE RINFUZ";"Ђ";"1";"1";"450.00";"0";"0";"0";"0";"0";"0";"0";"0";
"670";"MAJONEZ DOJPAK 0,280 POLI";"Ђ";"1";"1";"190.00";"0";"0";"0";"0";"0";"0";"0";"0";
"671";"MAJONEZ LIGHT 90";"Ђ";"1";"1";"45.00";"0";"0";"0";"0";"0";"0";"0";"0";
"672";"ICE KREM SLADOLED";"Ђ";"1";"1";"100.00";"0";"0";"0";"0";"0";"0";"0";"0";
"673";"TORTILJA 0,300 G.BEL";"Ђ";"1";"1";"190.00";"0";"0";"0";"0";"0";"0";"0";"0";
"674";"KNJAZ MILOŠ LIMUN 1,25";"Ђ";"1";"1";"85.00";"0";"0";"0";"0";"0";"0";"0";"0";
"675";"SMRZNUTI MIKS 0,500";"Е";"1";"1";"170.00";"0";"0";"0";"0";"0";"0";"0";"0";
"676";"SMRZNUTA BORANIJA 0,500";"Е";"1";"1";"170.00";"0";"0";"0";"0";"0";"0";"0";"0";
"677";"SMRZNUTI GRAŠAK 0,500";"Е";"1";"1";"170.00";"0";"0";"0";"0";"0";"0";"0";"0";
"678";"DUVAN ZA CIGARETE 0,030";"Ђ";"1";"1";"430.00";"0";"0";"0";"0";"0";"0";"0";"0";
"679";"DUVAN ZA CIGARETE 0,025";"Ђ";"1";"1";"400.00";"0";"0";"0";"0";"0";"0";"0";"0";
"680";"FILTERI LUX";"Ђ";"1";"1";"100.00";"0";"0";"0";"0";"0";"0";"0";"0";
"681";"SOBRANIE";"Ђ";"1";"1";"470.00";"0";"0";"0";"0";"0";"0";"0";"0";
"682";"DUKAT MLEKO 1/1";"Е";"1";"1";"135.00";"0";"0";"0";"0";"0";"0";"0";"0";
"683";"TARKA MLEKO 1/1";"Е";"1";"1";"135.00";"0";"0";"0";"0";"0";"0";"0";"0";
"684";"DOJPAK FOKI 0,200";"Ђ";"1";"1";"25.00";"0";"0";"0";"0";"0";"0";"0";"0";
"685";"TUANA BRIK 0,200";"Ђ";"1";"1";"40.00";"0";"0";"0";"0";"0";"0";"0";"0";
"686";"PENA ZA BRIJANJE NIVEA";"Ђ";"1";"1";"365.00";"0";"0";"0";"0";"0";"0";"0";"0";
"687";"KIKIRIKI 1/1 PRZENI";"Ђ";"1";"1";"500.00";"0";"0";"0";"0";"0";"0";"0";"0";
"688";"PAPRIKA U PAVLACI 700";"Ђ";"1";"1";"525.00";"0";"0";"0";"0";"0";"0";"0";"0";
"689";"TRIK STAPICI 0.100";"Ђ";"1";"1";"95.00";"0";"0";"0";"0";"0";"0";"0";"0";
"690";"STISNJENA SUNKA GURME";"Ђ";"1";"1";"750.00";"0";"0";"0";"0";"0";"0";"0";"0";
"691";"POSEBNA GURME";"Ђ";"1";"1";"100.00";"0";"0";"0";"0";"0";"0";"0";"0";
"692";"PILECA GURME";"Ђ";"1";"1";"100.00";"0";"0";"0";"0";"0";"0";"0";"0";
"693";"CVEKLA 0.670";"Ђ";"1";"1";"190.00";"0";"0";"0";"0";"0";"0";"0";"0";
"694";"TOMATINO KUVANI PARADAJZ";"Ђ";"1";"1";"100.00";"0";"0";"0";"0";"0";"0";"0";"0";
"695";"KAMELIA MEDIUM TOALET";"Ђ";"1";"1";"220.00";"0";"0";"0";"0";"0";"0";"0";"0";
"696";"SOJA KOMADI";"Ђ";"1";"1";"600.00";"0";"0";"0";"0";"0";"0";"0";"0";
"697";"AJVAR 360 DOBRO";"Ђ";"1";"1";"180.00";"0";"0";"0";"0";"0";"0";"0";"0";
"698";"RIZITA 0.035";"Ђ";"1";"1";"35.00";"0";"0";"0";"0";"0";"0";"0";"0";
"699";"AMSTEL PIVO 0.400";"Ђ";"1";"1";"65.00";"0";"0";"0";"0";"0";"0";"0";"0";
"700";"TUBORG PIVO 0.500";"Ђ";"1";"1";"80.00";"0";"0";"0";"0";"0";"0";"0";"0";
"701";"FETA BELANOVA 0.400";"Ђ";"1";"1";"250.00";"0";"0";"0";"0";"0";"0";"0";"0";
"702";"EUROVAFEL 4";"Ђ";"1";"1";"65.00";"0";"0";"0";"0";"0";"0";"0";"0";
"703";"BELANOVA SIR KRISKA 0.400";"Ђ";"1";"1";"300.00";"0";"0";"0";"0";"0";"0";"0";"0";
"704";"FETA 0.500 TETRAPAK";"Ђ";"1";"1";"240.00";"0";"0";"0";"0";"0";"0";"0";"0";
"705";"JAFA KOLACI DONUTS";"Ђ";"1";"1";"90.00";"0";"0";"0";"0";"0";"0";"0";"0";
"706";"MEGA ZACIN 0.900";"Ђ";"1";"1";"200.00";"0";"0";"0";"0";"0";"0";"0";"0";
"707";"UBRUS BRISKO";"Ђ";"1";"1";"150.00";"0";"0";"0";"0";"0";"0";"0";"0";
"708";"VLAZNE MARAMICE PAPILON";"Ђ";"1";"1";"170.00";"0";"0";"0";"0";"0";"0";"0";"0";
"709";"LIBRES 20/1";"Ђ";"1";"1";"320.00";"0";"0";"0";"0";"0";"0";"0";"0";
"710";"CASE ZA KAFU GRAND";"Ђ";"1";"1";"150.00";"0";"0";"0";"0";"0";"0";"0";"0";
"711";"PAVLAKA KANTICA 0.700";"Ђ";"1";"1";"260.00";"0";"0";"0";"0";"0";"0";"0";"0";
"712";"KIS.MLEKO KANTICA 0.700";"Е";"1";"1";"150.00";"0";"0";"0";"0";"0";"0";"0";"0";
"713";"BUREK SA SIROM 810";"Ђ";"1";"1";"450.00";"0";"0";"0";"0";"0";"0";"0";"0";
"714";"BUREK SA MESOM 810";"Ђ";"1";"1";"480.00";"0";"0";"0";"0";"0";"0";"0";"0";
"715";"KARELIJA CIGARE";"Ђ";"1";"1";"300.00";"0";"0";"0";"0";"0";"0";"0";"0";
"716";"CIAO SOKICI 0,200";"Ђ";"1";"1";"30.00";"0";"0";"0";"0";"0";"0";"0";"0";
"717";"STENA TOALET PAPIR";"Ђ";"1";"1";"200.00";"0";"0";"0";"0";"0";"0";"0";"0";
"718";"ČIČINA RAKIJA 1/1";"Ђ";"1";"1";"550.00";"0";"0";"0";"0";"0";"0";"0";"0";
"719";"MEŠAVINA ZA ROŠTILJ";"Ђ";"1";"1";"60.00";"0";"0";"0";"0";"0";"0";"0";"0";
"720";"MASLINE 0,160 BK";"Ђ";"1";"1";"100.00";"0";"0";"0";"0";"0";"0";"0";"0";
"721";"PERSIL 7,5 KG";"Ђ";"1";"1";"1350.00";"0";"0";"0";"0";"0";"0";"0";"0";
"722";"ORBIT BUBLE MINT";"Ђ";"1";"1";"70.00";"0";"0";"0";"0";"0";"0";"0";"0";
"723";"AJAKS SPRING 1 L";"Ђ";"1";"1";"260.00";"0";"0";"0";"0";"0";"0";"0";"0";
"724";"DOMAĆICA TART KAJSIJA";"Ђ";"1";"1";"150.00";"0";"0";"0";"0";"0";"0";"0";"0";
"725";"MILKA BELA 0,100";"Ђ";"1";"1";"135.00";"0";"0";"0";"0";"0";"0";"0";"0";
"726";"GRAND KAFA 0.200";"Ђ";"1";"1";"450.00";"0";"0";"0";"0";"0";"0";"0";"0";
"727";"MEDENJAK BELI 500";"Ђ";"1";"1";"220.00";"0";"0";"0";"0";"0";"0";"0";"0";
"728";"SMESA ZA DJUVEC";"Е";"1";"1";"190.00";"0";"0";"0";"0";"0";"0";"0";"0";
"729";"BOHOR 1.9 L";"Ђ";"1";"1";"350.00";"0";"0";"0";"0";"0";"0";"0";"0";
"730";"RIBLJI STAPICI 250";"Е";"1";"1";"290.00";"0";"0";"0";"0";"0";"0";"0";"0";
"731";"SIRISTE REKORDERKA 500";"Ђ";"1";"1";"200.00";"0";"0";"0";"0";"0";"0";"0";"0";
"732";"SIRISTE RADAN 500";"Ђ";"1";"1";"240.00";"0";"0";"0";"0";"0";"0";"0";"0";
"733";"TUBE 1,5 L MIX";"Ђ";"1";"1";"150.00";"0";"0";"0";"0";"0";"0";"0";"0";
"734";"KREM BANANICA BG 200/1";"Ђ";"1";"1";"10.00";"0";"0";"0";"0";"0";"0";"0";"0";
"735";"VAS&GO SAMPON";"Ђ";"1";"1";"360.00";"0";"0";"0";"0";"0";"0";"0";"0";
"736";"STRUDLA SMOKVA GOLDEN BEL";"Ђ";"1";"1";"160.00";"0";"0";"0";"0";"0";"0";"0";"0";
"737";"MEDENA STRUDLICA 0,145";"Ђ";"1";"1";"140.00";"0";"0";"0";"0";"0";"0";"0";"0";
"738";"LAVOR MALI";"Ђ";"1";"1";"150.00";"0";"0";"0";"0";"0";"0";"0";"0";
"739";"VANGLA VELIKA";"Ђ";"1";"1";"320.00";"0";"0";"0";"0";"0";"0";"0";"0";
"740";"SLANINSKA KOBASICA";"Ђ";"1";"1";"390.00";"0";"0";"0";"0";"0";"0";"0";"0";
"741";"SPIC REBRA GURME VP";"Ђ";"1";"1";"850.00";"0";"0";"0";"0";"0";"0";"0";"0";
"742";"LED SIJALICA 12V";"Ђ";"1";"1";"210.00";"0";"0";"0";"0";"0";"0";"0";"0";
"743";"SAMPON PALMOLIVE CITRUS 350";"Ђ";"1";"1";"250.00";"0";"0";"0";"0";"0";"0";"0";"0";
"744";"BALZAM TOP";"Ђ";"1";"1";"300.00";"0";"0";"0";"0";"0";"0";"0";"0";
"745";"BOHOR OMEKSIVAC 0,9";"Ђ";"1";"1";"270.00";"0";"0";"0";"0";"0";"0";"0";"0";
"746";"SIR BELANOVA 8/1";"Ђ";"1";"1";"350.00";"0";"0";"0";"0";"0";"0";"0";"0";
"747";"ARIEL PRASAK 2KG";"Ђ";"1";"1";"895.00";"0";"0";"0";"0";"0";"0";"0";"0";
"748";"SNEZNIK 1 L";"Ђ";"1";"1";"160.00";"0";"0";"0";"0";"0";"0";"0";"0";
"749";"SPIN 1/2 LIMUN";"Ђ";"1";"1";"150.00";"0";"0";"0";"0";"0";"0";"0";"0";
"750";"IZZI MRVICA ORANZ";"Ђ";"1";"1";"135.00";"0";"0";"0";"0";"0";"0";"0";"0";
"751";"VAFER BAL 250";"Ђ";"1";"1";"130.00";"0";"0";"0";"0";"0";"0";"0";"0";
"752";"ALTINA TOALET 4/1";"Ђ";"1";"1";"130.00";"0";"0";"0";"0";"0";"0";"0";"0";
"753";"ALTINA TOALET 6/1";"Ђ";"1";"1";"190.00";"0";"0";"0";"0";"0";"0";"0";"0";
"754";"NERO RED 100S";"Ђ";"1";"1";"340.00";"0";"0";"0";"0";"0";"0";"0";"0";
"755";"NERO BLUE 100S";"Ђ";"1";"1";"340.00";"0";"0";"0";"0";"0";"0";"0";"0";
"756";"HELL 250";"Ђ";"1";"1";"75.00";"0";"0";"0";"0";"0";"0";"0";"0";
"757";"GUARANA 0,250";"Ђ";"1";"1";"85.00";"0";"0";"0";"0";"0";"0";"0";"0";
"758";"GRAX CILI LIMETA STAPICI";"Ђ";"1";"1";"50.00";"0";"0";"0";"0";"0";"0";"0";"0";
"759";"VOCNE KAPI SUMSKO VOCE 2L";"Ђ";"1";"1";"185.00";"0";"0";"0";"0";"0";"0";"0";"0";
"760";"STAPICI SUSAM I MAK";"Ђ";"1";"1";"190.00";"0";"0";"0";"0";"0";"0";"0";"0";
"761";"GORKI LIST 100";"Ђ";"1";"1";"180.00";"0";"0";"0";"0";"0";"0";"0";"0";
"762";"IMALIN CRNI ZA OBUCU";"Ђ";"1";"1";"170.00";"0";"0";"0";"0";"0";"0";"0";"0";
"763";"DUKESA DESERT";"Ђ";"1";"1";"240.00";"0";"0";"0";"0";"0";"0";"0";"0";
"764";"VOTKA 100";"Ђ";"1";"1";"120.00";"0";"0";"0";"0";"0";"0";"0";"0";
"765";"UKRASNE KESE VELIKE";"Ђ";"1";"1";"145.00";"0";"0";"0";"0";"0";"0";"0";"0";
"766";"UKRASNE KESE BOCA";"Ђ";"1";"1";"65.00";"0";"0";"0";"0";"0";"0";"0";"0";
"767";"PISKOTE 500 TOP BIS";"Ђ";"1";"1";"325.00";"0";"0";"0";"0";"0";"0";"0";"0";
"768";"TULUMBE 300";"Ђ";"1";"1";"200.00";"0";"0";"0";"0";"0";"0";"0";"0";
"769";"BAKLAVE 300";"Ђ";"1";"1";"200.00";"0";"0";"0";"0";"0";"0";"0";"0";
"770";"NAPOLITANKA VERONA 200";"Ђ";"1";"1";"150.00";"0";"0";"0";"0";"0";"0";"0";"0";
"771";"HALVA VANILA 30";"Ђ";"1";"1";"35.00";"0";"0";"0";"0";"0";"0";"0";"0";
"772";"RUSKA SALATA 400 FRIGO";"Ђ";"1";"1";"150.00";"0";"0";"0";"0";"0";"0";"0";"0";
"773";"COKO SUPERKOKOS XXL 65";"Ђ";"1";"1";"50.00";"0";"0";"0";"0";"0";"0";"0";"0";
"774";"BISKVIT COKO 61";"Ђ";"1";"1";"50.00";"0";"0";"0";"0";"0";"0";"0";"0";
"775";"BREF PINE POVER 50";"Ђ";"1";"1";"200.00";"0";"0";"0";"0";"0";"0";"0";"0";
"776";"TERMO CARAPE";"Ђ";"1";"1";"150.00";"0";"0";"0";"0";"0";"0";"0";"0";
"777";"HRANA ZA MACE";"Ђ";"1";"1";"100.00";"0";"0";"0";"0";"0";"0";"0";"0";
"778";"BOMBONE GLAZE 500";"Ђ";"1";"1";"300.00";"0";"0";"0";"0";"0";"0";"0";"0";
"779";"ZRELI SIR 1 KG";"Ђ";"1";"1";"700.00";"0";"0";"0";"0";"0";"0";"0";"0";
"780";"ZRELI SIR 4/1";"Ђ";"1";"1";"675.00";"0";"0";"0";"0";"0";"0";"0";"0";
"781";"PANOL PASTA 500";"Ђ";"1";"1";"225.00";"0";"0";"0";"0";"0";"0";"0";"0";
"782";"LAVOR MALI";"Ђ";"1";"1";"150.00";"0";"0";"0";"0";"0";"0";"0";"0";
"783";"LAVOR VELIKI";"Ђ";"1";"1";"320.00";"0";"0";"0";"0";"0";"0";"0";"0";
"784";"DJUBROVNIK SA DRŠKOM";"Ђ";"1";"1";"220.00";"0";"0";"0";"0";"0";"0";"0";"0";
"785";"PALMOLIVE SAPUN 0,100";"Ђ";"1";"1";"90.00";"0";"0";"0";"0";"0";"0";"0";"0";
"786";"AJVAR DOBRO 0,360";"Ђ";"1";"1";"180.00";"0";"0";"0";"0";"0";"0";"0";"0";
"787";"ZAJEČARKO PIVO 0,330 LIMENKA";"Ђ";"1";"1";"75.00";"0";"0";"0";"0";"0";"0";"0";"0";
"788";"LED SIJALICA 12 W";"Ђ";"1";"1";"210.00";"0";"0";"0";"0";"0";"0";"0";"0";
"789";"STENA T,PAPIR 10/1";"Ђ";"1";"1";"320.00";"0";"0";"0";"0";"0";"0";"0";"0";
"790";"LIBRES 20/1 ULOSCI";"Ђ";"1";"1";"320.00";"0";"0";"0";"0";"0";"0";"0";"0";
"791";"ALTINA TOALET 4/1";"Ђ";"1";"1";"130.00";"0";"0";"0";"0";"0";"0";"0";"0";
"792";"ALTINA TOALET 6/1";"Ђ";"1";"1";"190.00";"0";"0";"0";"0";"0";"0";"0";"0";
"793";"ALTINA UBRUS";"Ђ";"1";"1";"130.00";"0";"0";"0";"0";"0";"0";"0";"0";
"794";"HELL 0.250";"Ђ";"1";"1";"75.00";"0";"0";"0";"0";"0";"0";"0";"0";
"795";"VAFER BAL 0.250";"Ђ";"1";"1";"130.00";"0";"0";"0";"0";"0";"0";"0";"0";
"796";"IZZI MRVICA ORANZ";"Ђ";"1";"1";"135.00";"0";"0";"0";"0";"0";"0";"0";"0";
"797";"SPIC REBRA VAKUM";"Ђ";"1";"1";"850.00";"0";"0";"0";"0";"0";"0";"0";"0";
"798";"MVP KEKS 0.150 SL";"Ђ";"1";"1";"100.00";"0";"0";"0";"0";"0";"0";"0";"0";
"799";"SAMPON PALMOLIVE 0.200";"Ђ";"1";"1";"250.00";"0";"0";"0";"0";"0";"0";"0";"0";
"800";"SLANINSKA KOBASICA DJOKIC";"Ђ";"1";"1";"390.00";"0";"0";"0";"0";"0";"0";"0";"0";
"801";"GRIC COKO JEZIC";"Ђ";"1";"1";"140.00";"0";"0";"0";"0";"0";"0";"0";"0";
"802";"VINO ZDREBAC 1/1";"Ђ";"1";"1";"290.00";"0";"0";"0";"0";"0";"0";"0";"0";
"803";"KREM NUTINO 0.500";"Ђ";"1";"1";"330.00";"0";"0";"0";"0";"0";"0";"0";"0";
"804";"MARMELADA 0.600";"Ђ";"1";"1";"200.00";"0";"0";"0";"0";"0";"0";"0";"0";
"805";"KIKIRIKI PRZENI 0.250";"Ђ";"1";"1";"125.00";"0";"0";"0";"0";"0";"0";"0";"0";
